---------------------------------------------------------
-- 1) 관리자 계정 생성
---------------------------------------------------------
-- INSERT INTO predict_user (user_name, user_id, user_pwd, user_email, user_type, user_role)
-- VALUES (
--    '관리자',
--    'admin',
--    '$2b$12$egE6vgtDweVhHfPI1OJcOu61Jg4jnryc.W0NvxyTqt2nWr0HZ6OrS',
--    'admin@example.com',
--    '일반 사용자',
--    'ROLE_ADMIN'
-- );

---------------------------------------------------------
-- 2) 항구 정보 (전부 샘플)
---------------------------------------------------------
INSERT INTO port_info (port_id, loc_lat, loc_lon) VALUES
('CNSHA', 31.37, 121.61),
('RUVVO', 43.09, 131.89),
('JPMKX', 34, 133.53),
('CNNGB', 29.87, 121.54),
('JPYKK', 34.95, 136.62),
('JPHIJ', 34.35, 132.42),
('JPWAK', 34.23, 135.17),
('KRPTK', 36.96, 126.84),
('CNQDG', 36.07, 120.32),
('KRYOS', 34.76, 127.66),
('TWKHH', 22.55, 120.32),
('JPKIJ', 37.9432, 139.2001),
('CNTAC', 31.63, 121.19),
('JPIMI', 33.26, 129.88),
('PHMNL', 14.57, 120.97),
('JPHKT', 33.6, 130.4),
('JPSMZ', 35, 138.5),
('JPYOK', 35.42, 139.62),
('CNRZH', 35.36, 119.53),
('JPIMB', 34.07, 133),
('CNLYG', 34.6, 119.22),
('JPUKB', 34.67, 135.18),
('JPMOJ', 33.94, 130.96),
('CNTXG', 38.98, 117.74),
('VNHPH', 20.85, 106.7),
('CNHUA', 23.0612, 113.5142),
('CNDAG', 38.98, 121.79),
('TWKEL', 25.13, 121.74),
('JPTYO', 35.58, 139.78),
('KRINC', 37.45, 126.68),
('KRKAN', 34.94, 127.7),
('JPNGO', 35.10909491, 136.872277),
('CNNJI', 32.192, 119.061),
('JPNGS', 32.75, 129.88),
('RUNJK', 42.84, 132.92),
('JPOSA', 34.66, 135.48),
('HKHKG', 22.35, 113.93),
('KRKPO', 36.02, 129.4);

---------------------------------------------------------
-- 3) 항구명 정보
---------------------------------------------------------
INSERT INTO port_name (port_id, country_name_kr, port_name_kr, country_name_en, port_name_en)
VALUES
('CNDAG', '중국', '다강', 'China', 'Dagang'),
('CNHUA', '중국', '황화', 'China', 'Huanghua'),
('CNLYG', '중국', '롄윈강', 'China', 'Lianyungang'),
('CNNGB', '중국', '닝보', 'China', 'Ningbo'),
('CNNJI', '중국', '난징', 'China', 'Nanjing'),
('CNQDG', '중국', '칭다오', 'China', 'Qingdao'),
('CNRZH', '중국', '르자오', 'China', 'Rizhao'),
('CNSHA', '중국', '상하이', 'China', 'Shanghai'),
('CNTAC', '중국', '톈진', 'China', 'Tianjin'),
('CNTXG', '중국', '탕구싱강', 'China', 'Tanggu Xingang'),
('HKHKG', '홍콩', '홍콩', 'Hong Kong', 'Hong Kong'),
('JPHIJ', '일본', '히로시마', 'Japan', 'Hiroshima'),
('JPHKT', '일본', '하카타', 'Japan', 'Hakata'),
('JPIMB', '일본', '이마바리', 'Japan', 'Imabari'),
('JPIMI', '일본', '이마리', 'Japan', 'Imari'),
('JPKIJ', '일본', '니가타', 'Japan', 'Kagoshima'),
('JPMKX', '일본', '마쓰야마', 'Japan', 'Matsuyama'),
('JPMOJ', '일본', '모지', 'Japan', 'Moji'),
('JPNGO', '일본', '나고야', 'Japan', 'Nagoya'),
('JPNGS', '일본', '나가사키', 'Japan', 'Nagasu'),
('JPOSA', '일본', '오사카', 'Japan', 'Osaka'),
('JPSMZ', '일본', '시미즈', 'Japan', 'Shimizu'),
('JPTYO', '일본', '도쿄', 'Japan', 'Tokyo'),
('JPUKB', '일본', '고베', 'Japan', 'Ukibuchi'),
('JPWAK', '일본', '와카야마', 'Japan', 'Wakayama'),
('JPYKK', '일본', '욧카이치', 'Japan', 'Yokkaichi'),
('JPYOK', '일본', '요코하마', 'Japan', 'Yokohama'),
('KRINC', '한국', '인천', 'Korea', 'Incheon'),
('KRKAN', '한국', '군산', 'Korea', 'Gunsan'),
('KRKPO', '한국', '포항', 'Korea', 'Pohang'),
('KRPTK', '한국', '평택', 'Korea', 'Pyeongtaek'),
('KRYOS', '한국', '여수', 'Korea', 'Yeosu'),
('PHMNL', '필리핀', '마닐라', 'Philippines', 'Manila'),
('RUNJK', '러시아', '나홋카', 'Russia', 'Nakhodka'),
('RUVVO', '러시아', '블라디보스토크', 'Russia', 'Vladivostok'),
('TWKEL', '대만', '기륭', 'Taiwan', 'Keelung'),
('TWKHH', '대만', '가오슝', 'Taiwan', 'Kaohsiung'),
('VNHPH', '베트남', '하이퐁', 'Vietnam', 'Haiphong');


---------------------------------------------------------
-- 4) 뉴스 게시판 (샘플 기사)
---------------------------------------------------------
INSERT INTO news_board (publisher, news_title, register_date, img_url, news_url)
VALUES
('코리아쉬핑가제트', '프리미어얼라이언스, 부산-美동안 서비스 개편', '2025-07-31',
 'https://www.ksg.co.kr/upload/bbs/2025/IMG20250728094134277404.jpg',
 'https://www.ksg.co.kr/news/main_newsView.jsp?pNum=145047'),
('코리아쉬핑가제트', '“글로벌 포워더 육성하려면 통합 물류 거버넌스 시급”', '2025-07-31',
 'https://www.ksg.co.kr/upload/bbs/2025/IMG20250728101736416395.jpg',
 'https://www.ksg.co.kr/news/main_newsView.jsp?pNum=145049'),
('코리아쉬핑가제트', 'BDI 2109포인트…성약 감소에 시황 약세로 돌아서', '2025-07-30',
 'https://www.ksg.co.kr/upload/bbs/2025/IMG20250730174022588433.jpg',
 'https://www.ksg.co.kr/news/main_newsView.jsp?pNum=145077'),
('코리아쉬핑가제트', '한국해大?목포해大, ''1국 1해양대'' 비전 본격 ''시동''', '2025-07-30',
 'https://www.ksg.co.kr/upload/bbs/2025/IMG20250730133822111292.jpg',
 'https://www.ksg.co.kr/news/main_newsView.jsp?pNum=145075'),
('쉬핑뉴스넷', '"한국형 선박조세리스 제도" 도입 방안 최종 보고회 개최 관심모아', '2025-07-31',
 'https://cdn.shippingnewsnet.com/news/photo/202507/65944_46905_187.png',
 'https://www.shippingnewsnet.com/news/articleView.html?idxno=65944'),
('쉬핑뉴스넷', '부산항 유관기관·업단체, 안전문화 정착 위한 공동 결의', '2025-07-30',
 'https://cdn.shippingnewsnet.com/news/photo/202507/65940_46900_3341.jpg',
 'https://www.shippingnewsnet.com/news/articleView.html?idxno=65940'),
('쉬핑뉴스넷', '인천항만공사,  부두 운영사와 협력 벌크화물 유치 확대 총력', '2025-07-30',
 'https://cdn.shippingnewsnet.com/news/photo/202507/65938_46898_2839.jpg',
 'https://www.shippingnewsnet.com/news/articleView.html?idxno=65938'),
('쉬핑뉴스넷', '여수광양항만공사, 해비타트와 함께 지역 소외계층 주거환경 개선 앞장', '2025-07-30',
 'https://cdn.shippingnewsnet.com/news/photo/202507/65935_46896_1959.jpg',
 'https://www.shippingnewsnet.com/news/articleView.html?idxno=65935'),
('쉬핑뉴스넷', '2분기 전국 항만 총 항만물동량, 전년 대비 2.2% 감소... ‘컨’ 물동량은 전년 동기보다 1.9% 증가한 826만TEU 처리', '2025-07-29',
 'https://cdn.shippingnewsnet.com/news/photo/202507/65924_46878_2350.jpg',
 'https://www.shippingnewsnet.com/news/articleView.html?idxno=65924');


---------------------------------------------------------
-- 5) 항구 혼잡도 샘플
---------------------------------------------------------
INSERT INTO port_docking (time_stamp, port_id, expected_ships, current_ships) VALUES
('2025-08-20 09:36','CNDAG',48,75),
('2025-08-20 09:36','CNHUA',13,0),
('2025-08-20 09:36','CNLYG',74,105),
('2025-08-20 09:36','CNNGB',157,242),
('2025-08-20 09:36','CNNJI',0,0),
('2025-08-20 09:36','CNQDG',220,58),
('2025-08-20 09:36','CNRZH',53,28),
('2025-08-20 09:36','CNSHA',267,292),
('2025-08-20 09:36','CNTXG',138,196),
('2025-08-20 09:36','CNTAC',23,34),
('2025-08-20 09:36','HKHKG',122,202),
('2025-08-20 09:36','JPHIJ',10,22),
('2025-08-20 09:36','JPHKT',16,44),
('2025-08-20 09:36','JPIMB',2,5),
('2025-08-20 09:36','JPIMI',2,0),
('2025-08-20 09:36','JPKIJ',4,40),
('2025-08-20 09:36','JPMKX',5,13),
('2025-08-20 09:36','JPMOJ',2,25),
('2025-08-20 09:36','JPNGO',39,155),
('2025-08-20 09:36','JPNGS',1,36),
('2025-08-20 09:36','JPOSA',33,87),
('2025-08-20 09:36','JPSMZ',16,27),
('2025-08-20 09:36','JPTYO',55,94),
('2025-08-20 09:36','JPUKB',35,84),
('2025-08-20 09:36','JPWAK',8,15),
('2025-08-20 09:36','JPYKK',21,67),
('2025-08-20 09:36','JPYOK',81,124),
('2025-08-20 09:36','KRINC',61,184),
('2025-08-20 09:36','KRKAN',26,169),
('2025-08-20 09:36','KRKPO',9,77),
('2025-08-20 09:36','KRPTK',52,107),
('2025-08-20 09:36','KRYOS',88,247),
('2025-08-20 09:36','PHMNL',26,117),
('2025-08-20 09:36','RUNJK',11,102),
('2025-08-20 09:36','RUVVO',44,149),
('2025-08-20 09:36','TWKEL',16,38),
('2025-08-20 09:36','TWKHH',104,241),
('2025-08-20 09:36','VNHPH',80,118),

('2025-08-22 09:35','CNDAG',45,78),
('2025-08-22 09:35','CNHUA',11,0),
('2025-08-22 09:35','CNLYG',64,107),
('2025-08-22 09:35','CNNGB',136,299),
('2025-08-22 09:35','CNNJI',0,0),
('2025-08-22 09:35','CNQDG',214,53),
('2025-08-22 09:35','CNRZH',52,24),
('2025-08-22 09:35','CNSHA',261,317),
('2025-08-22 09:35','CNTXG',134,216),
('2025-08-22 09:35','CNTAC',36,30),
('2025-08-22 09:35','HKHKG',128,210),
('2025-08-22 09:35','JPHIJ',12,22),
('2025-08-22 09:35','JPHKT',14,42),
('2025-08-22 09:35','JPIMB',0,6),
('2025-08-22 09:35','JPIMI',1,3),
('2025-08-22 09:35','JPKIJ',3,37),
('2025-08-22 09:35','JPMKX',5,15),
('2025-08-22 09:35','JPMOJ',4,30),
('2025-08-22 09:35','JPNGO',49,151),
('2025-08-22 09:35','JPNGS',1,4),
('2025-08-22 09:35','JPOSA',26,80),
('2025-08-22 09:35','JPSMZ',16,30),
('2025-08-22 09:35','JPTYO',45,87),
('2025-08-22 09:35','JPUKB',36,89),
('2025-08-22 09:35','JPWAK',10,14),
('2025-08-22 09:35','JPYKK',22,73),
('2025-08-22 09:35','JPYOK',68,127),
('2025-08-22 09:35','KRINC',54,161),
('2025-08-22 09:35','KRKAN',31,166),
('2025-08-22 09:35','KRKPO',8,72),
('2025-08-22 09:35','KRPTK',45,111),
('2025-08-22 09:35','KRYOS',82,253),
('2025-08-22 09:35','PHMNL',31,108),
('2025-08-22 09:35','RUNJK',16,90),
('2025-08-22 09:35','RUVVO',46,153),
('2025-08-22 09:35','TWKEL',14,38),
('2025-08-22 09:35','TWKHH',90,241),
('2025-08-22 09:35','VNHPH',70,106),

('2025-08-23 12:27','CNDAG',48,77),
('2025-08-23 12:27','CNHUA',11,1),
('2025-08-23 12:27','CNLYG',61,106),
('2025-08-23 12:27','CNNGB',133,276),
('2025-08-23 12:27','CNNJI',0,0),
('2025-08-23 12:27','CNQDG',216,59),
('2025-08-23 12:27','CNRZH',52,25),
('2025-08-23 12:27','CNSHA',255,304),
('2025-08-23 12:27','CNTXG',136,219),
('2025-08-23 12:27','CNTAC',31,27),
('2025-08-23 12:27','HKHKG',128,219),
('2025-08-23 12:27','JPHIJ',13,28),
('2025-08-23 12:27','JPHKT',12,36),
('2025-08-23 12:27','JPIMB',2,8),
('2025-08-23 12:27','JPIMI',2,2),
('2025-08-23 12:27','JPKIJ',3,39),
('2025-08-23 12:27','JPMKX',5,13),
('2025-08-23 12:27','JPMOJ',4,29),
('2025-08-23 12:27','JPNGS',1,4),
('2025-08-23 12:27','JPOSA',27,75),
('2025-08-23 12:27','JPSMZ',16,29),
('2025-08-23 12:27','JPTYO',47,80),
('2025-08-23 12:27','JPUKB',35,79),
('2025-08-23 12:27','JPWAK',12,17),
('2025-08-23 12:27','JPYKK',24,77),
('2025-08-23 12:27','JPYOK',72,137),
('2025-08-23 12:27','KRINC',50,173),
('2025-08-23 12:27','KRKAN',35,165),
('2025-08-23 12:27','KRKPO',12,77),
('2025-08-23 12:27','KRPTK',47,112),
('2025-08-23 12:27','KRYOS',82,268),
('2025-08-23 12:27','PHMNL',31,107),
('2025-08-23 12:27','RUNJK',16,94),
('2025-08-23 12:27','RUVVO',44,156),
('2025-08-23 12:27','TWKEL',15,40),
('2025-08-23 12:27','TWKHH',89,266),
('2025-08-23 12:27','VNHPH',69,112),

('2025-08-24 15:00','CNDAG',49,77),
('2025-08-24 15:00','CNHUA',10,2),
('2025-08-24 15:00','CNLYG',62,99),
('2025-08-24 15:00','CNNGB',132,263),
('2025-08-24 15:00','CNNJI',0,0),
('2025-08-24 15:00','CNQDG',222,57),
('2025-08-24 15:00','CNRZH',47,26),
('2025-08-24 15:00','CNSHA',266,306),
('2025-08-24 15:00','CNTXG',133,214),
('2025-08-24 15:00','CNTAC',34,31),
('2025-08-24 15:00','HKHKG',132,220),
('2025-08-24 15:00','JPHIJ',16,29),
('2025-08-24 15:00','JPHKT',13,35),
('2025-08-24 15:00','JPIMB',1,10),
('2025-08-24 15:00','JPIMI',1,2),
('2025-08-24 15:00','JPKIJ',5,44),
('2025-08-24 15:00','JPMKX',5,12),
('2025-08-24 15:00','JPMOJ',3,26),
('2025-08-24 15:00','JPNGO',55,136),
('2025-08-24 15:00','JPNGS',1,4),
('2025-08-24 15:00','JPOSA',26,75),
('2025-08-24 15:00','JPSMZ',15,31),
('2025-08-24 15:00','JPTYO',49,74),
('2025-08-24 15:00','JPUKB',38,86),
('2025-08-24 15:00','JPWAK',16,18),
('2025-08-24 15:00','JPYKK',27,75),
('2025-08-24 15:00','JPYOK',68,128),
('2025-08-24 15:00','KRINC',50,190),
('2025-08-24 15:00','KRKAN',34,172),
('2025-08-24 15:00','KRKPO',14,81),
('2025-08-24 15:00','KRPTK',48,119),
('2025-08-24 15:00','KRYOS',81,236),
('2025-08-24 15:00','PHMNL',33,113),
('2025-08-24 15:00','RUNJK',17,91),
('2025-08-24 15:00','RUVVO',42,149),
('2025-08-24 15:00','TWKEL',17,48),
('2025-08-24 15:00','TWKHH',96,278),
('2025-08-24 15:00','VNHPH',71,129),

('2025-08-25 14:30','CNDAG',57,72),
('2025-08-25 14:30','CNHUA',11,1),
('2025-08-25 14:30','CNLYG',69,80),
('2025-08-25 14:30','CNNGB',130,120),
('2025-08-25 14:30','CNNJI',0,0),
('2025-08-25 14:30','CNQDG',227,65),
('2025-08-25 14:30','CNRZH',46,37),
('2025-08-25 14:30','CNSHA',244,383),
('2025-08-25 14:30','CNTXG',134,196),
('2025-08-25 14:30','CNTAC',37,34),
('2025-08-25 14:30','HKHKG',131,187),
('2025-08-25 14:30','JPHIJ',13,22),
('2025-08-25 14:30','JPHKT',15,38),
('2025-08-25 14:30','JPIMB',2,5),
('2025-08-25 14:30','JPIMI',6,2),
('2025-08-25 14:30','JPKIJ',7,36),
('2025-08-25 14:30','JPMKX',10,10),
('2025-08-25 14:30','JPMOJ',1,30),
('2025-08-25 14:30','JPNGO',63,161),
('2025-08-25 14:30','JPNGS',2,11),
('2025-08-25 14:30','JPOSA',32,76),
('2025-08-25 14:30','JPSMZ',15,31),
('2025-08-25 14:30','JPTYO',58,88),
('2025-08-25 14:30','JPUKB',39,98),
('2025-08-25 14:30','JPWAK',9,21),
('2025-08-25 14:30','JPYKK',19,45),
('2025-08-25 14:30','JPYOK',67,142),
('2025-08-25 14:30','KRINC',47,240),
('2025-08-25 14:30','KRKAN',28,177),
('2025-08-25 14:30','KRKPO',10,79),
('2025-08-25 14:30','KRPTK',54,108),
('2025-08-25 14:30','KRYOS',94,263),
('2025-08-25 14:30','PHMNL',33,102),
('2025-08-25 14:30','RUNJK',19,91),
('2025-08-25 14:30','RUVVO',45,158),
('2025-08-25 14:30','TWKEL',19,51),
('2025-08-25 14:30','TWKHH',107,295),
('2025-08-25 14:30','VNHPH',62,62),

('2025-08-26 11:06','CNDAG',50,84),
('2025-08-26 11:06','CNHUA',13,1),
('2025-08-26 11:06','CNLYG',70,101),
('2025-08-26 11:06','CNNGB',142,158),
('2025-08-26 11:06','CNNJI',0,0),
('2025-08-26 11:06','CNQDG',220,56),
('2025-08-26 11:06','CNRZH',49,35),
('2025-08-26 11:06','CNSHA',217,301),
('2025-08-26 11:06','CNTXG',127,190),
('2025-08-26 11:06','CNTAC',36,27),
('2025-08-26 11:06','HKHKG',133,202),
('2025-08-26 11:06','JPHIJ',15,24),
('2025-08-26 11:06','JPHKT',17,40),
('2025-08-26 11:06','JPIMB',1,6),
('2025-08-26 11:06','JPIMI',3,5),
('2025-08-26 11:06','JPKIJ',7,33),
('2025-08-26 11:06','JPMKX',9,7),
('2025-08-26 11:06','JPMOJ',1,28),
('2025-08-26 11:06','JPNGO',47,161),
('2025-08-26 11:06','JPNGS',2,2),
('2025-08-26 11:06','JPOSA',28,84),
('2025-08-26 11:06','JPSMZ',18,30),
('2025-08-26 11:06','JPTYO',50,80),
('2025-08-26 11:06','JPUKB',32,74),
('2025-08-26 11:06','JPWAK',11,17),
('2025-08-26 11:06','JPYKK',20,50),
('2025-08-26 11:06','JPYOK',63,124),
('2025-08-26 11:06','KRINC',50,225),
('2025-08-26 11:06','KRKAN',35,186),
('2025-08-26 11:06','KRKPO',10,70),
('2025-08-26 11:06','KRPTK',52,112),
('2025-08-26 11:06','KRYOS',81,268),
('2025-08-26 11:06','PHMNL',28,101),
('2025-08-26 11:06','RUNJK',25,84),
('2025-08-26 11:06','RUVVO',38,158),
('2025-08-26 11:06','TWKEL',24,48),
('2025-08-26 11:06','TWKHH',103,281),
('2025-08-26 11:06','VNHPH',77,55);


---------------------------------------------------------
-- 6) 공휴일 정보 (샘플)
---------------------------------------------------------
INSERT INTO port_holiday (holiday_date, country_name_kr, holiday_name) VALUES
('2025-01-01','대한민국','신정'),
('2025-01-01','말레이시아','New Years Day'),
('2025-01-01','싱가포르','New Years Day'),
('2025-01-01','일본','New Years Day'),
('2025-01-01','중국','New Years Day'),
('2025-01-01','카자흐스탄','New Years Day'),
('2025-01-01','태국','New Years Day'),
('2025-01-01','필리핀','New Years Day'),
('2025-01-01','호주','New Years Day'),
('2025-01-01','홍콩','New Years Day'),
('2025-01-02','카자흐스탄','New Years Day (2nd)'),
('2025-01-07','카자흐스탄','Christmas (Orthodox)'),
('2025-01-26','인도','Republic Day'),
('2025-01-26','호주','Australia Day'),
('2025-02-11','일본','National Foundation Day'),
('2025-02-12','중국','Lantern Festival'),
('2025-02-25','필리핀','People Power Day'),
('2025-03-01','대한민국','삼일절'),
('2025-03-08','중국','Womens Day'),
('2025-03-08','카자흐스탄','International Womens Day'),
('2025-03-22','카자흐스탄','Nauryz Meyrami'),
('2025-04-06','태국','Chakri Day'),
('2025-04-09','필리핀','Day of Valor'),
('2025-04-13','태국','Songkran Festival Day 1'),
('2025-04-14','태국','Songkran Festival Day 2'),
('2025-04-15','태국','Songkran Festival Day 3'),
('2025-04-25','호주','Anzac Day'),
('2025-04-29','일본','Showa Day'),
('2025-05-01','말레이시아','Labor Day - May Day'),
('2025-05-01','싱가포르','Labor Day - May Day'),
('2025-05-01','중국','Labor Day'),
('2025-05-01','카자흐스탄','Kazakhstan People’s Unity Day'),
('2025-05-01','태국','Labor Day'),
('2025-05-01','필리핀','Labor Day - May Day'),
('2025-05-01','홍콩','Labor Day'),
('2025-05-03','일본','Constitution Day'),
('2025-05-04','일본','Greenery Day'),
('2025-05-04','중국','Youth Day'),
('2025-05-05','대한민국','어린이날'),
('2025-05-05','일본','Childrens Day'),
('2025-05-05','태국','Coronation Day'),
('2025-05-09','카자흐스탄','Victory Day'),
('2025-05-11','태국','Royal Ploughing Ceremony Day'),
('2025-06-01','중국','Childrens Day'),
('2025-06-06','대한민국','현충일'),
('2025-06-06','카자흐스탄','Kurban ayt'),
('2025-06-12','필리핀','Independence Day'),
('2025-07-01','중국','Partys Day'),
('2025-07-01','태국','Bank Holiday'),
('2025-07-01','홍콩','Hong Kong Special Administrative Region Establishment Day'),
('2025-07-06','카자흐스탄','Capital City Day'),
('2025-07-17','대한민국','제헌절'),
('2025-08-01','중국','Armys Day'),
('2025-08-09','싱가포르','National Day'),
('2025-08-12','태국','H.M. the Queens Birthday'),
('2025-08-15','대한민국','광복절'),
('2025-08-15','인도','Independence Day'),
('2025-08-30','카자흐스탄','Constitution Day'),
('2025-08-31','말레이시아','National Day'),
('2025-10-01','중국','National Day (1st day)'),
('2025-10-01','홍콩','National Day'),
('2025-10-02','인도','Gandhi Jayanti'),
('2025-10-02','중국','National Day (2nd Day)'),
('2025-10-03','대한민국','개천절'),
('2025-10-03','중국','National Day (3rd Day)'),
('2025-10-23','태국','Chulalongkorn Day'),
('2025-10-25','카자흐스탄','Republic Day'),
('2025-10-30','중국','Double Ninth Festival'),
('2025-11-01','필리핀','All Saints Day'),
('2025-11-03','일본','Culture Day'),
('2025-11-23','일본','Labor Thanksgiving Day'),
('2025-11-30','필리핀','Bonifacio Day'),
('2025-12-05','태국','H.M. the Kings Birthday'),
('2025-12-07','중국','Heavy snow'),
('2025-12-10','태국','Constitution Day'),
('2025-12-16','카자흐스탄','Independence Day'),
('2025-12-17','카자흐스탄','Independence Day (2nd)'),
('2025-12-23','일본','Emperors Birthday'),
('2025-12-25','대한민국','성탄절'),
('2025-12-25','말레이시아','Christmas Day'),
('2025-12-25','싱가포르','Christmas Day'),
('2025-12-25','필리핀','Christmas Day'),
('2025-12-25','호주','Christmas Day'),
('2025-12-25','홍콩','Christmas Day'),
('2025-12-26','호주','Boxing Day'),
('2025-12-30','필리핀','Rizal Day'),
('2025-12-31','태국','New Years Eve');




