vsl_id,vsl_name,vsl_mmsi,vsl_imo,call_sign,ship_type,vsl_length,vsl_width
0573d749-d97c-3d3a-b868-1a8723d1320a,SUNNY SPRUCE,441107000,9121041,DSFP2,CONTAINER,107,17
ba7f84fe-0af9-3851-86b5-6a302f5e6cb0,SUNNY FREESIA,477326200,9856048,VRSS8,CONTAINER,142,23
c85b6aa8-befa-316e-b80b-fb5f70c4b7ff,SKY FLOWER,373126000,9595802,3EUE6,CONTAINER,146,23
ba6f4194-f5d1-37a2-b91d-d12986f6acfa,HEUNG-A ULSAN,440120000,9128996,DSEK9,CONTAINER,113,18
2f09c63c-5cae-3ff4-8a8e-fa044b429aec,WAN HAI 312,565032000,9248693,S6AS6,CONTAINER,213,32
560e2d73-9137-37bd-964d-713ec0e13afb,STARSHIP AQUILA,538007312,9792503,V7IQ5,CONTAINER,172,27
abefb79c-74ee-37f5-87fc-010b968f49fe,SUNNY CAMELLIA,477066600,9698393,VRNZ6,CONTAINER,141,23
bb345ea2-f7b4-3624-a167-291ad13fafcf,JI PENG,370966000,9122382,H3RB,CONTAINER,107,17
7bf219f4-5ecc-3a25-b120-a389091a6442,EASLINE DALIAN,371002000,9167473,HPXQ,CONTAINER,193,28
d28bd4e0-1226-36d6-80e3-43ecd0f75c3f,HE SHENG,373080000,9234379,3EPO4,CONTAINER,147,23
19bbc69d-d309-3bd9-bb7b-02344d7d3c90,STAR CHALLENGER,440401000,9754783,D7CH,CONTAINER,141,25
252cabcf-b823-3b7d-8c6d-ee6383caf09a,SUNNY IVY,477681800,9903463,VRTX9,CONTAINER,142,23
e1446e98-3647-386b-bae9-0e9f96bb3d6f,STAR PIONEER,441433000,9545003,D7XJ,CONTAINER,143,22
03bee488-e41d-3cda-84bf-f34e999be17c,SUNNY MAPLE,441158000,9133484,DSFS5,CONTAINER,107,17
6210c7db-5edc-3c09-836d-5b8d50a7b4ac,SINOKOR NIIGATA,441772000,9209908,DSRA2,CONTAINER,119,15
3841ce4d-4833-33a1-ab1a-25effa6b7b65,TRADEWIND,374629000,9367944,3ERR4,CONTAINER,145,22
008d6dd4-160f-37a6-a92a-d0d429ba0ab6,PACIFIC TIANJIN,563158600,9498690,9V8011,CONTAINER,129,20
8d2dbfb5-3d23-3e10-86cb-0309e36d6115,PANDA ALTAIR,356578000,9168245,3EFO6,CONTAINER,147,25
65cb802a-fb34-3820-98d5-e69a7a82f5af,WECAN,441442000,9641156,D7XP,CONTAINER,146,22
851ef5c2-c4b9-3fe0-ae70-4b68db6c36b2,SINOKOR TIANJIN,441876000,9160891,D7DU,CONTAINER,135,22
fce82719-f62c-33c7-be68-f877295e870e,STAR EXPLORER,538008859,9870977,V7A2844,CONTAINER,142,24
0e7e0218-1a1c-3084-86fa-9073caa48b63,SUNNY OAK,440567000,9102849,DSEX8,CONTAINER,107,17
d9cc4403-37a7-360d-85c0-8125bb23230a,SPAN ASIA 59,548052900,9296470,DUA3898,CONTAINER,115,18
257f9e00-67b9-3a9a-b420-ec1ca4ac4cb0,DONGJIN FIDES,441261000,9247302,D7UV,CONTAINER,130,20
64abb8a0-5cd2-3b1b-ab41-40855aa8a679,HAKATA VOYAGER,441973000,9329588,D7AJ,CONTAINER,129,20
5a6181c6-a338-3fed-b109-c3d08fea8fce,SUNNY PALM,440119000,9128300,DSEK8,CONTAINER,107,17
7f57be65-1b9d-3f3c-a7b0-4773fb88fb58,SHECAN,441388000,9383534,D7WF,CONTAINER,145,23
288470ce-bdef-36ae-b38b-40c32f3d77f4,SUNNY DAHLIA,441485000,9247297,D7UA,CONTAINER,130,20
3a516512-fc70-3e81-86a5-71cac0088c50,POS YOKOHAMA,440349000,9164603,DSOU4,CONTAINER,144,21
7cd6949b-3655-3cb4-b5e4-24982531ace7,FESCO ANASTASIA,273613560,9505522,UBOY2,CONTAINER,130,16
51551433-105d-3531-8200-73a6ecce97fd,EVER ENVOY,235414000,9241308,VSQL9,CONTAINER,299,43
54788b48-745b-3a99-b73c-ffeb0d304cd0,WAN HAI 723,563142800,9398254,9V7326,CONTAINER,304,40
6a3db392-3576-3fa8-b7c6-1d3926cf4f14,KOTA CEMPAKA,563362000,9638965,9VLP3,CONTAINER,300,40
cdda93a3-885e-3edb-820b-ba492b5350de,WAN HAI 722,563132400,9398230,9V7155,CONTAINER,304,40
d27559a2-04d8-3de7-be88-548e0b2b0bd9,WAN HAI 622,563126700,9307035,9V7053,CONTAINER,293,40
d58f49e0-a1c4-35e3-990e-b61047ef08f8,KOTA CARUM,563150100,9494577,9V7838,CONTAINER,300,40
0d1757c2-6137-3003-90ee-17b516454cbb,WAN HAI 275,416078000,9493286,BHLF,CONTAINER,172,27
baf78a2d-ba30-39fa-834d-5e070d7140bd,WAN HAI 287,563132500,9871347,9V6506,CONTAINER,175,29
f3ebeed8-1940-314b-856a-9911eecc0e99,WAN HAI 289,563138600,9871361,9V6508,CONTAINER,175,29
f771d4c6-09fe-306f-9fb2-e293c9df3095,WAN HAI 296,563163500,9871426,9V6517,CONTAINER,175,28
836e74be-2d46-3919-923c-1b272570f43f,HEUNG-A TOKYO,440335000,9129005,D7PE,CONTAINER,112,18
9398ea78-c928-379b-abe7-6e251ea52040,PACIFIC BUSAN,563157400,9414125,9V8001,CONTAINER,135,18
61901f79-4200-3f80-860f-88feffa27855,SUNNY DAISY,440806000,9689653,D7LL,CONTAINER,137,25
881a2faa-0b9a-3d08-a3e5-2e29e9cf3dcd,STAR CLIPPER,538007547,9448437,V7UG4,CONTAINER,142,22
3ec436b2-b50a-372f-a5b3-2d54b6cbf6ab,VICTORY STAR,477940300,9283162,VRVY4,CONTAINER,128,20
80913611-182c-3eac-9644-24eb3f1a2dfb,SUNNY LINDEN,441300000,9115779,DSNC9,CONTAINER,107,17
359c56f2-173d-3c3c-a6f8-e04b679895de,ITX HIGO,352003243,9669639,3E7419,CONTAINER,146,22
5808b892-f82c-3357-90e3-85effb0df39a,SUNNY ACACIA,356481000,9689665,3FUU5,CONTAINER,137,25
5f486aaa-0f1a-3e5f-a57e-fdc88e51c335,STAR EXPRESS,441432000,9545015,D7XH,CONTAINER,143,23
8bb32b1c-e699-3fe5-a503-29e2f45a060d,SUNNY CANNA,352058000,9826550,3FLX7,CONTAINER,137,25
25bf3a35-35c1-3031-9172-c5664cb141f0,XIN XIN HAI 2,412203360,9623594,BTBM3,GENERAL_CARGO,166,28
29f46055-0573-38e3-8985-1688e22b53ed,XIN XIN HAI 1,412208780,9623609,BSAV,GENERAL_CARGO,166,27
3d073417-8e5e-3c7a-bc7b-9742e3c4ad17,HONG YANG 28,352004027,9754733,3E5411,CONTAINER,158,23
44b2cfd2-26bb-3deb-8169-8e16eb98b842,HONOR OCEAN,352002265,9158745,3E3839,CONTAINER,122,22
64c59dbc-937b-39eb-b70a-088883e1e9e4,JIANG YUAN YUAN DA,413281350,9342671,BOQA9,CONTAINER,143,23
94ab6042-0d31-35fc-9d33-f5ec00cc957f,XIN LONG YUN 86,412705880,9162265,BQLA,CONTAINER,183,30
c009bd30-df3b-3198-818d-71f66b4173d7,JOSCO JANE,477833500,9931513,VRUS8,CONTAINER,146,23
e85d99cf-0342-3715-9975-af88e52f569d,HONG YUAN 01,626449000,9102734,TRBO8,CONTAINER,202,30
11795fb7-fe73-37ce-899f-4f4dbfb5a71b,SUNNY LAUREL,351674000,9826562,H8BZ,CONTAINER,137,25
193342ef-09db-3821-b67f-c4c0fa27418e,SKY MOON,538005520,9691773,V7ER6,CONTAINER,145,22
9afc8ab5-d802-388a-a7b9-82959b210328,STAR CHASER,538009693,9915818,V7A5051,CONTAINER,147,24
3712bfeb-f326-3111-a845-3b3ac0cd9fdc,HARBOUR ADVENTURE,533170821,9301316,9WVV9,CONTAINER,143,24
7c3e1c14-fede-3107-9524-cd16a889ffc1,HARBOUR ZIRCON,533170822,9365166,9WVU9,CONTAINER,143,23
e3364383-d027-3dd1-b915-60ac55ba8520,PEGASUS PACER,441567000,9283150,DSQG4,CONTAINER,127,20
060db0be-c97f-3f11-8304-c637fe4fa4d5,SUNWIN,357842000,9385439,3FJU5,CONTAINER,133,19
8bf8d6d8-081e-37b3-954a-25185c345789,FESCO EKATERINA,352297000,9343687,3EFV5,CONTAINER,142,23
4366fe62-3cd2-3bab-b796-30fe2b4cf859,PANCON SUCCESS,441875000,9635420,DSRI7,CONTAINER,145,22
2622afc4-36d0-322a-a5fe-99a1495a7092,RAJ RANI,341570001,9129756,V4XE5,CONTAINER,108,17
40465a00-b9fb-31b4-9408-14d66bf28a4d,QI YUN HE,353066000,9228760,H3TP,CONTAINER,183,28
82193bac-b488-3397-8c30-683aacef721c,EASLINE OSAKA,356893000,9205665,3FAU9,CONTAINER,194,28
63022949-93ea-3c4a-b731-2821a537d10c,HYUNDAI DYNASTY,538007485,9347578,V7QI4,CONTAINER,295,32
850f6714-cf74-340c-af81-6d01a33d9bcf,ERASMUS CHIEF,352004606,9449857,3E6889,CONTAINER,180,25
8a7cac30-c642-3656-b9b3-3556dc30eab1,HYUNDAI SUPREME,538007487,9347619,V7QL3,CONTAINER,294,32
b49a04ad-5c6e-3a52-8ed0-75e28f0ea29c,HOCHIMINH VOYAGER,440006000,9532276,D7CJ,CONTAINER,199,32
cf8263b9-d3a1-386e-80c0-e74fb265f6d9,KMTC MANILA,440728000,9375496,D7SD,CONTAINER,261,32
e695bf56-51f1-3fda-9720-2da463e11dc0,HYUNDAI GOODWILL,440559000,9347607,D7GW,CONTAINER,294,32
efbd8128-ef1f-3060-b8dc-f4d38f9d6094,KMTC DALIAN,636020254,9882229,D5YI9,CONTAINER,196,32
f0b65e20-1dfc-318f-a39a-2c7ce7677109,PORT KLANG VOYAGER,440162000,9275385,D7BD,CONTAINER,235,32
bd3decae-6e54-330b-9457-11f37f8eeb65,ZHONGWAIYUN SHENZHEN,413218940,9367932,BOBO6,CONTAINER,145,23
f8644557-06ce-3897-9893-721535a6b595,PANCON SUNSHINE,440550000,9749128,D7CO,CONTAINER,148,23
250ee94a-7207-3b1a-a992-aa2070e50de0,NIIGATA TRADER,356886000,9136230,3EJU8,CONTAINER,145,23
384ae8d2-8bfa-3278-9cb1-e8c2d38357a2,DOOWOO FAMILY,440065000,9014121,DSRB8,CONTAINER,139,22
42c578a0-ce4c-3cf7-977e-ece463542581,SONGYUNHE,352153000,9160700,3FRF8,CONTAINER,184,28
c4a0ea1d-e999-3b21-b394-521a19c74c8b,HENGTONG9,352153000,,MJ5516,GENERAL_TANKER,120,40
410db3ae-f155-39d9-8f39-84d28ea4dae2,XIN XIN SHAN,413536120,9348986,BPHG4,CONTAINER,182,26
7e6f03e3-85ad-3aa1-9ed2-3b8114e319fc,HAI FENG HAI KOU,413274380,9331127,BOOK4,CONTAINER,145,22
3465d21b-1180-321b-b54f-6fd324a5e9dd,SITC QINZHOU,477112300,9322243,VRQZ4,CONTAINER,143,23
68d16109-3f11-3aad-842e-1618a74586b1,SITC GUANGXI,477588800,9712395,VROF6,CONTAINER,172,28
853f8ec6-f1a3-3f31-96ba-0a7e9b829204,ORTOLAN EPSILON,255806120,9362566,CQAA6,CONTAINER,148,21
86ecb249-9d23-34f3-ac47-efc823009677,SITC INCHON,477493600,9258856,VRIJ5,CONTAINER,162,25
071a42e4-e15d-3b0f-8338-0cd79077fa1a,KMTC HAIPHONG,538007503,9793806,V7KD4,CONTAINER,172,28
269df24f-d715-39ab-ac4b-3cfe1577d1d2,KMTC KEELUNG,440585000,9157741,DSOF3,CONTAINER,168,27
541eb91e-4c7a-35bb-bd09-77ccc421c082,STARSHIP DRACO,538010005,9939292,V7A5451,CONTAINER,172,27
79801466-edbb-3210-9372-bafefa2c211e,KMTC SHANGHAI,441902000,9274202,DSRL4,CONTAINER,187,28
ad2770af-5741-3900-bd5a-81a894eeb47a,GLOBAL NUBIRA,440505000,9167306,DSOB7,CONTAINER,98,17
56c43d13-bc4d-3299-bbf8-d003790b37de,SKY AURORA,441632000,9550175,DSQN2,GENERAL_CARGO,102,18
7021f725-de58-334f-a0d8-f2b5debf8fac,KMTC QINGDAO,441702000,9235593,DSQT9,CONTAINER,222,30
b0f564fa-6f55-3216-b20e-fbd0f435e7b9,KMTC SHIMIZU,636020221,9893591,D5YE8,CONTAINER,196,32
bd8b6758-4970-393f-8d44-560f930bddf9,KMTC YOKOHAMA,636020213,9882217,D5YD8,CONTAINER,196,32
d53c1137-3e80-3eb5-8acd-40939b27774d,KMTC NINGBO,441252000,9626405,D7UN,CONTAINER,223,30
e5c93ec3-746d-3811-bff9-c33004abee41,SKY GLORY,441654000,9550187,DSQP3,GENERAL_CARGO,101,18
56369df0-2c3e-3846-adb1-d0b77fd06fd0,PROVIDENT,352001639,9186431,3E3693,CONTAINER,121,20
018666c5-2b0d-323b-8c36-b27fac5f7c65,ULTIMA,311000169,9674646,C6AV9,CONTAINER,141,23
0a0767cf-401a-3262-9c27-2f127d3ba8c1,WAN HAI 317,565777000,9342712,9VKB6,CONTAINER,212,32
0ed7bd75-0f04-3eed-84d8-4f55daffd72d,MSC ANCONA III,636023157,9259379,5LMH4,CONTAINER,200,32
0fa481ea-08f3-3939-a07c-96d9b54b20ba,TS SHENZHEN,538010785,9868170,V7A7428,CONTAINER,142,23
6b4597a4-8971-3f3b-8d86-959d16fb104f,JOSCO CORA,477966800,9846536,VRWE2,CONTAINER,142,23
af1e08db-00ea-3b08-9b73-8442c7e98176,HYPERION,309947000,9403853,C6WS5,CONTAINER,148,23
b98a5720-1276-3e99-99b9-1099553f747d,TS KOBE,538010175,9868182,V7A5716,CONTAINER,142,23
c849ce8e-3780-3e72-a5d1-8aecd5e9b66a,WAN HAI 352,563170600,9553995,9V7380,CONTAINER,204,35
da2f9ab5-dded-3a7a-9634-1f8c0f70db97,LUCKY BLESSING,352002621,9182021,3E4946,CONTAINER,183,28
dff7418b-9391-3daa-9955-e21541f4fe16,WAN HAI 329,563128900,9871517,9V6500,CONTAINER,204,35
ffbc6f75-8461-36c9-8e73-c8935414ce85,WAN HAI 308,563160800,9536985,9V8080,CONTAINER,199,32
18a03352-b746-3f18-a0d5-be2c24899fb8,DONGJIN CONFIDENT,441424000,9939266,D7XF,CONTAINER,172,27
316b95de-3272-3117-8866-0c185b46d4ba,KMTC POHANG,354401000,9848900,3FNQ,CONTAINER,172,27
368a4d6f-43bd-313e-85b5-fc83f676cf5c,INCEDA,538008691,9825398,V7A2661,CONTAINER,171,28
3d62cbed-0edc-388b-8a10-65028b4d0f39,SAWASDEE ALTAIR,538010505,9946635,V7A6141,CONTAINER,172,27
5f917cb1-f0d1-32a8-80b3-e8ea671e0509,STARSHIP TAURUS,538007311,9792498,V7IQ4,CONTAINER,172,27
6c1230cf-672b-3c0f-99da-22d7e6e8d8ff,PELICAN,636015481,9626560,D5BA3,CONTAINER,172,27
898326a6-cb9e-3c55-a183-54afa5ae7f41,KMTC NAGOYA,374782000,9859894,HO3256,CONTAINER,172,27
92dc97f6-a1dd-3752-bd93-09db32c2b45c,KMTC PUSAN,441174000,9131852,DSFT8,CONTAINER,168,27
b287bc1d-857b-3f79-adb5-5c123ec59b85,SAWASDEE SIRIUS,538010061,9943774,V7A5540,CONTAINER,172,27
bbc7eef6-93fd-3516-8662-cd7b3bf9cb8e,PANCON CHAMPION,440655000,9802023,D7SP,CONTAINER,172,27
1cc15eb9-b088-371f-9229-d02ba0dc09e2,XIN BIN HE,352001753,8357007,3E2590,GENERAL_CARGO,156,21
3e2b3a23-f47e-3235-be96-a0c22d4978bd,NAGOYA TRADER,440516000,9517628,D8TG,CONTAINER,145,22
592ecc5f-1f2c-3266-aa8a-ff5ed825f904,TRANSIT MILLIONKA,273616390,9338292,UBCZ5,CONTAINER,148,23
ed99782b-2acc-3d95-a6df-2ac584955537,COSCO FOS,477947700,9484302,VRKR6,CONTAINER,261,32
f8231099-7293-30bd-a780-3af96d75f816,EASLINE YANTAI,356396000,9153068,3EIK,CONTAINER,164,26
0359a9fc-db7a-3187-9550-f9a3b3c90f37,TB QINGYUAN,352004553,9128099,3E6838,CONTAINER,205,27
5bef8615-b765-3082-9054-104c4e05e907,HUI DA 9,413256540,9714941,BOMI3,CONTAINER,180,32
627d80af-4188-34a8-b408-374f5ac8adfa,HEUNGA HOCHIMINH,440046000,9760299,D7DX,CONTAINER,172,27
7517912f-e736-3a36-ad4b-7e69453cd5ac,HUI FA,352978152,9714939,3E2388,CONTAINER,180,32
df24620f-6e9f-3314-a070-ae4cc6cdc2e9,SURABAYA VOYAGER,636021256,9137703,5LDA9,CONTAINER,188,30
9438e3b1-cae6-390c-a034-792b81fcf867,HAMAYUU,431446000,9184562,JM6512,ROLL_ON_ROLL_OFF,162,24
fcfe3f62-3236-3c64-a8ed-8e52eafe3a1d,SEONG HEE,441163000,9241700,DSFS8,VEHICLE_PASSENGER,152,25
2eef4e6a-000a-31f5-a67d-fd93fb534525,BF CARP,209539000,9437256,5BFN4,CONTAINER,139,23
8739b572-fd0d-3afe-8f6d-8605a6ced764,SKY VICTORIA,440280000,9385245,D8DJ,CONTAINER,145,23
89011ee4-365a-38e4-9bbf-06ac749f853b,HECAN,441387000,9383546,D7WG,CONTAINER,145,22
d86ce8ec-a91a-3c09-9d78-35877ca3d4a9,SM TOKYO,440059000,9374129,D7DO,CONTAINER,148,23
e3783db0-cfad-30d3-aa79-7841872350ad,PEGASUS PETA,440221000,9707522,D7ER,CONTAINER,146,23
1caf3e76-3cd9-3011-a45c-da6406aea86c,DONGJIN FORTUNE,441236000,9251145,D7UJ,CONTAINER,130,20
4d3f1384-486b-3514-a34c-fb4d043741f7,TC MESSENGER,352003099,9342798,3E5979,CONTAINER,145,22
5c4836cd-5a13-3c25-97e5-6d1ce66f895c,OCEAN PEACE,548007900,9214927,DUA3887,CONTAINER,136,23
65d14339-8331-3f9a-920c-dd31bb2caacb,SPAN ASIA 70,548050900,9344186,DUA3899,CONTAINER,115,19
01902fc3-1eba-3df5-8c05-ce3d7767a9b1,CONSIGNIA,538009630,9907380,V7A4976,CONTAINER,143,23
15009d94-6d42-3e87-a4ce-358f9d618477,PANJA BHUM,565697000,9338321,9VJQ2,CONTAINER,149,23
2489ddfe-830f-3c0f-b6de-54386d68251b,KHARIS HERITAGE,440190000,9402512,D8BG,CONTAINER,147,25
45c1d009-65fb-32f0-8aac-9ab2a1732867,POS BANGKOK,371369000,9859648,3FDX9,CONTAINER,172,27
608e9870-3104-3b32-a6c2-b80f6c510421,DONG FANG XIAMEN,477957600,9281346,VRWC7,CONTAINER,133,20
6802597d-989d-306d-8362-d564770c0d71,NEW GUINEA CHIEF,477477400,9689952,VROO8,CONTAINER,176,28
7f97bff0-1c3d-3d7d-a368-a8e33ffda805,DONGJIN GENIUS,440344000,9196474,D7PC,GENERAL_CARGO,92,17
9a6fc43a-8fd5-3e5c-89e1-20dbeb3f8229,HEUNG-A YOUNG,440965000,9695298,D7GH,CONTAINER,141,22
b92a3b5b-90e2-35e8-aec4-a73bd6c554a1,PAPUAN CHIEF,477477700,9689964,VROO7,CONTAINER,176,28
c83e3a24-4f8b-3880-9fb6-40e57107abdb,DONGJIN NAGOYA,441717000,9167708,DSQV7,GENERAL_CARGO,92,16
1d0185ec-25cf-3720-b573-10bfea32a9b8,TS SYDNEY,538009373,9477385,V7A4654,CONTAINER,256,37
259b8e4c-8ef9-319b-9478-f8c5668822e5,MARTI STAR II,636024772,9383596,5LUF2,CONTAINER,143,23
383c7491-2cde-301d-b6b8-4a21d0967330,RACINE,248431000,9406647,9HA2362,CONTAINER,300,40
3fefbd6c-5a91-3fd6-99a4-6a9bbe6e8791,XIUMEI SHANGHAI,441883000,9138264,DSRJ5,CONTAINER,168,27
4e27bc10-d1ec-356b-8d56-9050c7fa3cb4,XIN TIAN JIN,413053000,9234343,BPAQ,CONTAINER,280,40
56b7c814-42d4-3ead-ae72-5615100eba37,SITC TIANJIN,355898000,9330575,3EGN,CONTAINER,145,22
67225a94-e5d2-3d3e-b44e-826b2a1f86df,XIN DA LIAN,413050000,9234331,BPAO,CONTAINER,280,41
8e46ac6f-5d5e-3f96-842d-785e8c172878,SINOKOR HONGKONG,441777000,9146663,DSRA4,CONTAINER,162,26
9ccb2678-bbe7-365d-81fe-a247f37c5a7f,MSC ADU V,255915962,9293466,CQ2420,CONTAINER,294,32
9e5ff808-986c-3318-8b72-a76463fa1726,KMTC MUMBAI,441225000,9665695,D7UF,CONTAINER,255,37
b8de27c4-7392-36ce-a419-67371d4340b3,PANDA 009,255805778,9294812,CQDB,CONTAINER,277,40
c3662709-01de-3365-9de3-478fc8884654,OCEAN DRAGON,373672000,9508770,3EXR,GENERAL_CARGO,99,18
99db3885-56bf-30ef-a349-4ffc3cb828ad,OPUS ONE,352002597,9385441,3E2368,CONTAINER,132,19
05552602-5a62-35ab-87ed-d557fe7f8450,SAWASDEE SINGAPORE,441885000,9081021,DSRJ7,CONTAINER,167,28
0643f8e3-dd39-3424-bd94-5b4b9e37b301,HEUNG-A AKITA,538005898,9693953,V7HY7,CONTAINER,141,25
0d67e314-3d75-3de9-9440-47e265f3421f,KMTC OSAKA,372604000,9848883,3EHZ9,CONTAINER,172,27
0fcd591e-1cec-34a1-93a3-7f31e4079ae7,EMORA,356298000,9362700,3EMT9,CONTAINER,180,26
1a0ae5fb-9876-3f87-8dcb-0a970cbb4dd5,KMTC LAEM CHABANG,636017768,9772230,D5MP9,CONTAINER,172,27
7299c98d-c23a-3aaa-8812-62795b413425,RUN SHENG,355674000,9179464,H9YK,CONTAINER,137,22
8621886c-e51a-3550-8534-cff9a139d5b3,SKY SUNSHINE,636019057,9854492,D5ST2,CONTAINER,172,27
8b1a001c-7f92-3a3e-9fc3-8ae1ca18ceb9,KMTC TOKYO,352374000,9848871,H8SF,CONTAINER,172,27
cfab9c09-5e8d-3fbe-9a5d-be67147925e7,STARSHIP URSA,538004894,9650078,V7ZR2,CONTAINER,172,28
2bc4daea-325a-37dd-948d-58350409eb0e,DONGJIN VENUS,441805000,9615339,DSRE9,CONTAINER,143,23
4e95f409-b5de-3bc9-ad36-66078710f0b3,OCEAN BREEZE I,351702000,9224350,HPYS,CONTAINER,128,20
7489e60a-7a4c-35fc-b57a-9c07f76fa1d2,SUNNY CLOVER,374431000,9748394,H3SY,CONTAINER,137,25
acd249cf-6e51-3fe2-9cef-ac513024c5c7,SKY JADE,538005519,9691761,V7ER5,CONTAINER,145,22
af2ff49a-4e82-3b27-af7d-b8ad38ffcd51,STAR VOYAGER,440366000,9754795,D7FU,CONTAINER,141,25
e017c381-1a9b-31bf-a4f6-9c0d78701f71,TY INCHEON,441127000,9281358,D8TI,CONTAINER,133,21
1799de8c-c799-3c7c-8a15-af8823360697,SINOKOR VLADIVOSTOK,440364000,9179452,D7DX,CONTAINER,135,23
677be455-d574-311a-8a85-3607ce0cfae0,STAR SKIPPER,538007548,9448839,V7UJ2,CONTAINER,142,22
c7ccd672-b7ee-3935-9e60-6dc258d52932,SINOKOR AKITA,440358000,9179440,D7DY,CONTAINER,135,23
00f4e943-49e7-3ee0-80eb-c6a9809a26f5,SINOKOR QINGDAO,441968384,9160906,D8BE,CONTAINER,136,22
0a11f002-6862-3d75-80fc-3c53b8ce0a9b,CHANG RONG 8,352001660,8591615,3E2687,OTHER,144,21
280fb28d-bc6a-396d-a859-25fb00ca3597,PANDA VICTORIA,352004256,9159878,3E7741,CONTAINER,183,28
310e73f4-960c-3989-8ff0-c6ecf187f812,HENG HUI,352001490,8356405,3E2506,GENERAL_CARGO,126,18
34ad912b-4b3b-3781-be31-c00a4a336645,A GALAXY,351663000,9163441,3FUH7,CONTAINER,193,28
4b3458a8-caa2-38bd-a66e-58e2347c4579,XIANG REN,351135000,9161821,3EBO,GENERAL_CARGO,122,20
6a8686e3-20a9-3b84-b0a9-a5a2f403629d,SASCO ANGARA,273390170,9242986,UBUO6,CONTAINER,132,19
6bd4b6c9-41e8-3bde-82d9-1c7f36c0cd3b,TRANSIT LUGOVAYA,273611350,9319583,UBGY2,CONTAINER,132,18
91091aae-79a9-31fe-91a5-b1e274bc7fd0,XIN YONG CHANG 9,352002225,8535453,SSD,GENERAL_CARGO,140,21
9570c33b-2686-33e8-9247-ca7bf7104b72,YONG YUE 11,352002215,8741026,3E3490,CONTAINER,133,19
ae4a433a-64b5-3125-b713-4e8e792cef3f,TRANSIT  SHAMORA,273612530,9430052,UBWX9,CONTAINER,133,19
b40a3694-8da2-381a-88cd-6a148732cd11,LUCKY DRAGON,636015121,9117181,A8YS5,CONTAINER,328,45
d7474346-485a-35fa-a7be-ec531e8a84ef,YANGTZE TRADER,413564860,9915997,BPIT5,CONTAINER,148,23
e06bf3d7-258c-3400-9299-f0c86763b087,HEUNG-A XIAMEN,538005897,9693941,V7HY4,CONTAINER,141,25
f643855a-6409-3bea-aaf0-64b66def60ad,HE YUAN 1,352978125,9187485,3E3956,CONTAINER,136,23
08940852-62ec-39d1-ba08-c67c15a78fe8,GSL MAREN,636020595,9504592,D5ZX8,CONTAINER,209,30
11645231-2e2b-38ff-8cdf-a9ce1fa3f6d8,SITC SENDAI,477233800,9801548,VRSC3,CONTAINER,141,25
22fcef7b-faa4-3695-8d7d-383dfd1bfa86,PANSTAR GENIE NO.2,441246000,9251016,D8RV,ROLL_ON_ROLL_OFF,161,24
2cad4085-5723-3a67-85bc-027faaa93c71,SINOTRANS QINGDAO,477767500,9631632,VRMG8,CONTAINER,148,23
2eb7b8c2-68d3-3d44-a700-3138a1773c58,SITC YANTAI,477203700,9639622,VRLI5,CONTAINER,143,23
31c82883-74a2-3ead-ac91-855fd625793e,ETOILE,229263000,9301469,9HA3184,CONTAINER,210,30
5b7585d5-b2e1-3f87-bf8c-c66da25f5be0,FRIDA RUSS,255915657,9701279,CQ2115,CONTAINER,185,30
87a2ac61-40f6-3dc3-8e57-20578be1b030,SITC SHIMIZU,477335600,9639658,VRLG2,CONTAINER,143,23
8aa28fdb-767e-3144-b262-760f8a9d0cbf,HONOR VOYAGER,352002269,9158757,3E3843,CONTAINER,122,22
9c144049-6262-3c78-8506-a6c348b9fb38,SITC TAICANG,477302300,9836115,VRSC5,CONTAINER,141,25
babc9cc5-cb9d-3c7d-971a-f3cef9fb1bd3,SITC SHENZHEN,477024900,9639646,VRKS7,CONTAINER,143,23
ec24c4a3-534e-3d30-9422-728631faa4c4,SITC TOYOHASHI,477209100,9834014,VRSB9,CONTAINER,141,25
fb98191d-6872-3c06-95b5-7d42c060c1b0,SITC SUBIC,477269800,9801550,VRSC4,CONTAINER,141,25
710479db-cd0d-3913-a31a-7302bae90352,SITC MACAO,477849500,9712785,VROF9,CONTAINER,172,28
94887ff0-85cf-380a-a2dd-be03e3669d03,SITC QINGDAO,477190600,9610547,VRLI4,CONTAINER,144,23
99f4a5e0-f16e-36c5-a162-e49b4a611791,SM JAKARTA,440206000,9219240,D7DP,CONTAINER,168,27
9ee9176a-704f-3855-8afe-9705d5b6095f,HONSIN,352004866,9252369,3E7096,CONTAINER,226,32
b724b1df-b944-331d-a870-7203026fd9d9,WILMOT,355027000,9124689,3EPG2,CONTAINER,114,20
b7910b7e-4eda-3d12-9917-93964cd939b5,SITC HONGKONG,372765000,9331115,3EKM7,CONTAINER,145,22
c0b671ff-6cee-3de2-9ee6-d1b7095182e0,SITC KWANGYANG,477274900,9610535,VRJQ9,CONTAINER,140,22
c9333614-0190-3259-86f0-593dced42776,HF WEALTH,477615200,9356799,VRTL4,CONTAINER,143,23
e61b8899-30e7-347b-8b61-2eb7ee02cac1,SITC SHANDONG,477466300,9691113,VRNQ7,CONTAINER,172,28
eb5031ef-d007-3938-8797-30bdfcee0a90,AYA 1,353346000,9293557,H3PB,CONTAINER,145,20
f0e846ab-2681-3027-8dde-ab664e0292aa,STARSHIP PEGASUS,538004895,9656759,V7ZR3,CONTAINER,172,28
f54ee3cf-7374-3b02-b2db-5431fde0d05b,INGENUITY,538007711,9790892,V7MG8,CONTAINER,172,27
ffa1afcd-c0a7-3984-bed4-8a76885eb113,INVICTA,538008635,9822724,V7A2600,CONTAINER,172,28
37b4ec54-3ea5-3ede-85e3-ba420e3fbc5d,KMTC SURABAYA,354467000,9821081,3ELX9,CONTAINER,200,35
6bc84c31-d6ca-335f-96a0-14dc791624ae,PANCON HARMONY,441271000,9884904,D7UY,CONTAINER,141,24
0f279ff1-9251-3d4f-a6de-8cfab3213aeb,SSL THAMIRABARANI,419001814,9312468,VTUQ,CONTAINER,142,22
117e81a8-6971-317f-8c37-94216b9b0abd,KMTC INCHEON,373220000,9859911,3FHB3,CONTAINER,172,27
1f281f53-56dd-344e-99c2-4fc230af5017,ERASMUS LEO,538004893,9650066,V7ZQ9,CONTAINER,172,28
214c04c6-3fed-380b-a40b-621f1cece466,KMTC SINGAPORE,440493000,9217412,DSOA9,CONTAINER,172,27
571cfc3a-397a-38d8-8d6b-5e94a3e8c10e,KMTC JAKARTA,440491000,9217424,DSOA8,CONTAINER,170,27
59b78c36-ce29-3266-813a-85976eeee38d,SAWASDEE SUNRISE,440251000,9886079,D7HY,CONTAINER,172,27
62a14d88-6fb0-367f-a92c-be0e41606db1,MSC MANASVI II,636024490,9347724,5LSV9,CONTAINER,170,25
670851a5-e09e-3482-bd7c-20de93fcdc6d,AS PATRIA,255806095,9294525,CQIX5,CONTAINER,210,30
7a9393a1-4b0f-3953-9769-d0698f67316a,KMTC ULSAN,441788000,9131864,DSRD9,CONTAINER,167,27
ab4c4d1c-b14c-3f27-9d94-8f87565635ee,DONGJIN VOYAGER,440716000,9802011,D7SB,CONTAINER,172,28
b368d399-5b5f-3a92-8697-5e3dd3deb354,ORIENTAL BRIGHT,352830000,9412804,3EME9,CONTAINER,162,26
cca0642a-b45e-3c4f-bd90-5f919d0be20b,KMTC PENANG,373595000,9821093,3ECW9,CONTAINER,200,35
d25052b8-b234-3803-b41e-366cea6b08b9,SUNNY LAVENDER,372570000,9748411,3FHO8,CONTAINER,137,25
0dfd9ffa-d1a4-3482-931f-bb1e7810c47e,HEUNG-A JANICE,440510000,9693927,D7LP,CONTAINER,141,25
42b953f1-361d-36ea-bfc9-6054e449aa54,HEUNG-A SARAH,440385000,9698379,D7KO,CONTAINER,141,23
5fca396d-9b09-3653-b1a0-e70b9a7f4c6a,OSAKA VOYAGER,440273000,9329576,D7AA,CONTAINER,129,20
8dc2c7fb-e266-38e7-82a4-f51d5884f375,HYUNDAI FORWARD,538007482,9330707,V7PX2,CONTAINER,294,32
8ee2e570-e7a6-3460-8520-2b2332b9ec1b,PACIFIC SINGAPORE,563147400,9433937,9V7740,CONTAINER,129,20
9726b7c4-1c96-302a-b023-96f17d0ab765,KMTC CHENNAI,440838000,9375513,D7KC,CONTAINER,261,32
ab7eb51c-645b-34ca-bedf-5e4351007ddd,KMTC NHAVA SHEVA,440761000,9375501,D7SG,CONTAINER,261,31
017248a0-c7c9-3348-8a4f-1442e42ad773,A FLENSBURG,352004797,9155365,3E7038,CONTAINER,176,28
0d36f1c4-63fd-3088-b743-5dc45ce5b6ce,WAN HAI 162,416258000,9132909,BLBZ,CONTAINER,159,25
14719783-afc3-30cd-bec6-5272bcdedf42,SKY ORION,353640000,9719795,H8KJ,CONTAINER,172,27
1522006b-7d64-3aa7-a62f-7ae07e58aff3,OKEE AURELIA,305002000,9343663,V2CH5,CONTAINER,119,19
234219ae-7a37-3c24-8014-cf8a3da10862,TS TOKYO,538007662,9784245,V7DU4,CONTAINER,172,28
23d6eacc-81a1-3efe-911e-b7202e062a16,TI2 APPLE,352382000,9172595,H9ZG,CONTAINER,127,21
316746b5-6a35-3621-a5e8-499422c7e514,SKY CHALLENGE,352003953,9705445,3E5352,CONTAINER,172,27
39e43be2-1595-3f71-84ef-bd1968b87698,HANSA  AUGSBURG,636091575,9373474,A8PN3,CONTAINER,176,28
459b5c60-a998-3728-a7bb-b346bca6670a,SAWASDEE THAILAND,440075000,9377705,D7EE,CONTAINER,172,28
47771b48-ed50-3fbb-915b-fe5e1148b801,PANCON GLORY,441872000,9635418,DSRI4,CONTAINER,146,23
5fdf88da-95bc-3029-a51e-60d5778d151b,DONGJIN ENTERPRISE,440346000,9704300,D7PP,CONTAINER,141,25
615046a4-ea69-377a-b3a9-f9927165f9e4,JIFA BOHAI,412206240,9385752,BPMX9,GENERAL_CARGO,117,20
67f71f29-2d1f-3782-9817-ef16ca0d063c,KMTC HOCHIMINH,440147000,9314923,D7BM,CONTAINER,220,30
8e197c3f-8ad0-37e6-9096-15ad82b80877,EASLINE LIANYUNGANG,353258000,9153082,3FLL8,CONTAINER,164,26
90717743-04c8-3f96-baf9-fb8c0e36a370,HANSA DUBURG,255915792,9535096,CQ2250,CONTAINER,175,27
a7143801-0f2c-3d2c-82d0-7dec182a3afb,CAPE FERROL,538003221,9359325,V7PF6,CONTAINER,170,25
b875e4ee-41f2-3923-9c74-87f3e5370305,MILLENNIUM BRIGHT,353290000,9515606,3FCN3,CONTAINER,172,28
bc6cc8e5-a3ed-36d4-a2a4-729d1076a3de,SITC JIANGSU,477948200,9712383,VROF5,CONTAINER,172,28
c3164adf-3972-39fd-86a7-ff7420cfc95f,HONGKONG VOYAGER,440166000,9402500,D7BC,CONTAINER,147,25
c3251238-4b6f-3915-a4b3-204a0a47065e,POS SHANGHAI,440572000,9415985,D7PS,CONTAINER,144,22
e7662743-088c-3f3e-bb00-169789abf5cf,SKY HOPE,441671000,9595797,DSAC3,CONTAINER,146,23
ea0773a7-4a1a-35d1-85fa-9d15f60ddddb,HAPPY LUCKY,636018597,9363405,D5QL4,CONTAINER,199,32
ead26c9b-c8aa-3eca-8fcf-46e1c3349edc,POS TOKYO,440473000,9133874,DSNZ8,CONTAINER,143,21
eea9d5a5-25da-3a67-913e-d910c7592a6c,EASLINE KWANGYANG,354646000,9226827,HOLT,CONTAINER,192,28
