port_id,vsl_id,time_stamp,time_point,lat,lon,cog,heading
HKHKG,316746b5-6a35-3621-a5e8-499422c7e514,2024/11/18 21:40,0,35.04802667,129.1242967,187.7,186
HKHKG,316746b5-6a35-3621-a5e8-499422c7e514,2024/11/18 21:50,0.17,35.00865667,129.117005,195.5,195
HKHKG,316746b5-6a35-3621-a5e8-499422c7e514,2024/11/18 22:00,0.33,34.96831333,129.099215,202.5,198
HKHKG,316746b5-6a35-3621-a5e8-499422c7e514,2024/11/18 22:10,0.5,34.92154833,129.0760967,202.2,200
HKHKG,316746b5-6a35-3621-a5e8-499422c7e514,2024/11/18 22:20,0.67,34.87739667,129.051645,207.5,203
HKHKG,316746b5-6a35-3621-a5e8-499422c7e514,2024/11/18 22:30,1,34.83263667,129.0259717,202.7,202
HKHKG,316746b5-6a35-3621-a5e8-499422c7e514,2024/11/18 22:40,1.17,34.78808,129.0003933,205.7,203
HKHKG,316746b5-6a35-3621-a5e8-499422c7e514,2024/11/18 22:50,1.33,34.74112167,128.976165,206.2,201
HKHKG,316746b5-6a35-3621-a5e8-499422c7e514,2024/11/18 23:00,1.5,34.67569833,128.9487383,190.9,193
HKHKG,316746b5-6a35-3621-a5e8-499422c7e514,2024/11/18 23:10,1.67,34.60713833,128.9178383,207.8,206
HKHKG,316746b5-6a35-3621-a5e8-499422c7e514,2024/11/18 23:20,1.83,34.56578,128.8895117,211.9,209
HKHKG,316746b5-6a35-3621-a5e8-499422c7e514,2024/11/18 23:30,2,34.52477833,128.8590983,210.3,210
HKHKG,316746b5-6a35-3621-a5e8-499422c7e514,2024/11/18 23:40,2.17,34.49235083,128.8345,213.6,212.5
HKHKG,316746b5-6a35-3621-a5e8-499422c7e514,2024/11/18 23:50,2.33,34.45992333,128.8099017,216.9,215
HKHKG,316746b5-6a35-3621-a5e8-499422c7e514,2024/11/19 0:00,2.5,34.40081667,128.752685,219,217
HKHKG,316746b5-6a35-3621-a5e8-499422c7e514,2024/11/19 0:10,2.67,34.36099667,128.7135117,217.7,217
HKHKG,316746b5-6a35-3621-a5e8-499422c7e514,2024/11/19 0:20,2.83,34.32840167,128.6818117,217.3,217
HKHKG,316746b5-6a35-3621-a5e8-499422c7e514,2024/11/19 0:30,3,34.30284667,128.6570983,220.3,217
HKHKG,316746b5-6a35-3621-a5e8-499422c7e514,2024/11/19 0:40,3.17,34.27011833,128.626055,217.6,217
HKHKG,316746b5-6a35-3621-a5e8-499422c7e514,2024/11/19 0:50,3.33,34.20700167,128.5672767,218.3,218
HKHKG,316746b5-6a35-3621-a5e8-499422c7e514,2024/11/19 1:00,3.5,34.18752667,128.548955,217.8,218
HKHKG,316746b5-6a35-3621-a5e8-499422c7e514,2024/11/19 1:10,3.67,34.12726333,128.4903567,218,218
HKHKG,316746b5-6a35-3621-a5e8-499422c7e514,2024/11/19 1:20,3.83,34.09471,128.4580717,218.9,218
HKHKG,316746b5-6a35-3621-a5e8-499422c7e514,2024/11/19 1:30,4,34.05379917,128.4182475,218.3,217
HKHKG,316746b5-6a35-3621-a5e8-499422c7e514,2024/11/19 1:40,4.17,34.01288833,128.3784233,217.7,216
HKHKG,316746b5-6a35-3621-a5e8-499422c7e514,2024/11/19 1:50,4.33,34.00195167,128.3679617,220.2,218
HKHKG,316746b5-6a35-3621-a5e8-499422c7e514,2024/11/19 2:00,4.5,33.96640167,128.3336217,219.1,217.5
HKHKG,316746b5-6a35-3621-a5e8-499422c7e514,2024/11/19 2:10,4.67,33.93085167,128.2992817,218,217
HKHKG,316746b5-6a35-3621-a5e8-499422c7e514,2024/11/19 2:20,4.83,33.8686,128.24059,217.7,216
HKHKG,316746b5-6a35-3621-a5e8-499422c7e514,2024/11/19 2:30,5,33.82479167,128.19817,221.6,217
HKHKG,316746b5-6a35-3621-a5e8-499422c7e514,2024/11/19 2:40,5.17,33.81285667,128.1864133,218.9,218
HKHKG,316746b5-6a35-3621-a5e8-499422c7e514,2024/11/19 2:50,5.33,33.769135,128.1426417,220.4,219
HKHKG,316746b5-6a35-3621-a5e8-499422c7e514,2024/11/19 3:00,5.5,33.74166833,128.1153483,217.2,218
HKHKG,316746b5-6a35-3621-a5e8-499422c7e514,2024/11/19 3:10,5.67,33.69996333,128.0738958,218.25,218
HKHKG,316746b5-6a35-3621-a5e8-499422c7e514,2024/11/19 3:20,5.83,33.65825833,128.0324433,219.3,218
HKHKG,316746b5-6a35-3621-a5e8-499422c7e514,2024/11/19 3:30,6,33.6206075,127.9938292,219.15,217.5
HKHKG,316746b5-6a35-3621-a5e8-499422c7e514,2024/11/19 3:40,6.17,33.58295667,127.955215,219,217
HKHKG,316746b5-6a35-3621-a5e8-499422c7e514,2024/11/19 3:50,6.33,33.56120667,127.93393,217.3,218
HKHKG,316746b5-6a35-3621-a5e8-499422c7e514,2024/11/19 4:00,6.5,33.51712667,127.890515,218.5,218
HKHKG,316746b5-6a35-3621-a5e8-499422c7e514,2024/11/19 4:10,6.67,33.47597,127.8512925,218.55,218
HKHKG,316746b5-6a35-3621-a5e8-499422c7e514,2024/11/19 4:20,6.83,33.43481333,127.81207,218.6,218
HKHKG,316746b5-6a35-3621-a5e8-499422c7e514,2024/11/19 4:30,7,33.39394833,127.7728117,217.1,219
HKHKG,316746b5-6a35-3621-a5e8-499422c7e514,2024/11/19 4:40,7.17,33.35176833,127.7320917,216.7,217
HKHKG,316746b5-6a35-3621-a5e8-499422c7e514,2024/11/19 4:50,7.33,33.338005,127.7187167,221.3,218
HKHKG,316746b5-6a35-3621-a5e8-499422c7e514,2024/11/19 5:00,7.5,33.29560167,127.6780133,218.4,217
HKHKG,316746b5-6a35-3621-a5e8-499422c7e514,2024/11/19 5:10,7.67,33.24685917,127.6324375,218.65,217
HKHKG,316746b5-6a35-3621-a5e8-499422c7e514,2024/11/19 5:20,7.83,33.19811667,127.5868617,218.9,217
HKHKG,316746b5-6a35-3621-a5e8-499422c7e514,2024/11/19 5:30,8,33.16833333,127.5592233,217.6,217
HKHKG,316746b5-6a35-3621-a5e8-499422c7e514,2024/11/19 5:40,8.17,33.12534,127.519305,217.6,217
HKHKG,316746b5-6a35-3621-a5e8-499422c7e514,2024/11/19 5:50,8.33,33.11166833,127.506785,217.9,217
HKHKG,316746b5-6a35-3621-a5e8-499422c7e514,2024/11/19 6:00,8.5,33.06869833,127.4673717,218.9,218
HKHKG,316746b5-6a35-3621-a5e8-499422c7e514,2024/11/19 6:10,8.67,33.011915,127.41598,217.5,218
HKHKG,316746b5-6a35-3621-a5e8-499422c7e514,2024/11/19 6:20,8.83,32.9762925,127.3839833,216.1,217
HKHKG,316746b5-6a35-3621-a5e8-499422c7e514,2024/11/19 6:30,9,32.94067,127.3519867,214.7,216
HKHKG,316746b5-6a35-3621-a5e8-499422c7e514,2024/11/19 6:40,9.17,32.89865,127.314405,218.4,217
HKHKG,316746b5-6a35-3621-a5e8-499422c7e514,2024/11/19 6:50,9.33,32.88404167,127.3013267,217,216
HKHKG,316746b5-6a35-3621-a5e8-499422c7e514,2024/11/19 7:00,9.5,32.843245,127.262105,220.6,218
HKHKG,316746b5-6a35-3621-a5e8-499422c7e514,2024/11/19 7:10,9.67,32.7879,127.2086583,219.2,220
HKHKG,316746b5-6a35-3621-a5e8-499422c7e514,2024/11/19 7:20,9.83,32.75274333,127.1733992,220.5,221
HKHKG,316746b5-6a35-3621-a5e8-499422c7e514,2024/11/19 7:30,10,32.71758667,127.13814,221.8,222
HKHKG,316746b5-6a35-3621-a5e8-499422c7e514,2024/11/19 7:40,10.17,32.68049667,127.096785,226.1,225
HKHKG,316746b5-6a35-3621-a5e8-499422c7e514,2024/11/19 7:50,10.33,32.65713833,127.0675683,225.45,225
HKHKG,316746b5-6a35-3621-a5e8-499422c7e514,2024/11/19 8:00,10.5,32.63378,127.0383517,224.8,225
HKHKG,316746b5-6a35-3621-a5e8-499422c7e514,2024/11/19 8:10,10.67,32.57266667,126.97309,225.1,226
HKHKG,316746b5-6a35-3621-a5e8-499422c7e514,2024/11/19 8:20,10.83,32.56002167,126.957055,228.1,230
HKHKG,316746b5-6a35-3621-a5e8-499422c7e514,2024/11/19 8:30,11,32.50461667,126.9042717,216.9,218
HKHKG,316746b5-6a35-3621-a5e8-499422c7e514,2024/11/19 8:40,11.17,32.46750167,126.8715333,217.7,219
HKHKG,316746b5-6a35-3621-a5e8-499422c7e514,2024/11/19 8:50,11.33,32.44344417,126.8501025,217.7,218.5
HKHKG,316746b5-6a35-3621-a5e8-499422c7e514,2024/11/19 9:00,11.5,32.41938667,126.8286717,217.7,218
HKHKG,316746b5-6a35-3621-a5e8-499422c7e514,2024/11/19 9:10,11.67,32.3762875,126.7900858,217.25,217.5
HKHKG,316746b5-6a35-3621-a5e8-499422c7e514,2024/11/19 9:20,11.83,32.33318833,126.7515,216.8,217
HKHKG,316746b5-6a35-3621-a5e8-499422c7e514,2024/11/19 9:30,12,32.2849875,126.7077658,216.45,217
HKHKG,316746b5-6a35-3621-a5e8-499422c7e514,2024/11/19 9:40,12.17,32.23678667,126.6640317,216.1,217
HKHKG,316746b5-6a35-3621-a5e8-499422c7e514,2024/11/19 9:50,12.33,32.21639833,126.64533,218.2,218
HKHKG,316746b5-6a35-3621-a5e8-499422c7e514,2024/11/19 10:00,12.5,32.178805,126.6108567,218.3,218
HKHKG,316746b5-6a35-3621-a5e8-499422c7e514,2024/11/19 10:10,12.67,32.14543,126.580165,218.7,218
HKHKG,316746b5-6a35-3621-a5e8-499422c7e514,2024/11/19 10:20,12.83,32.112055,126.5494733,219.1,218
HKHKG,316746b5-6a35-3621-a5e8-499422c7e514,2024/11/19 10:30,13,32.05576167,126.4982583,217.4,218
HKHKG,316746b5-6a35-3621-a5e8-499422c7e514,2024/11/19 10:40,13.17,32.02679167,126.47189,216.7,217.5
HKHKG,316746b5-6a35-3621-a5e8-499422c7e514,2024/11/19 10:50,13.33,31.99782167,126.4455217,216,217
HKHKG,316746b5-6a35-3621-a5e8-499422c7e514,2024/11/19 11:00,13.5,31.96395584,126.41458,217.9,217.5
HKHKG,316746b5-6a35-3621-a5e8-499422c7e514,2024/11/19 11:10,13.67,31.93009,126.3836383,219.8,218
HKHKG,316746b5-6a35-3621-a5e8-499422c7e514,2024/11/19 11:20,13.83,31.88357,126.3395267,217.7,219
HKHKG,316746b5-6a35-3621-a5e8-499422c7e514,2024/11/19 11:30,14,31.83233833,126.278755,226.4,226
HKHKG,316746b5-6a35-3621-a5e8-499422c7e514,2024/11/19 11:40,14.17,31.79304833,126.2391708,222.05,221.5
HKHKG,316746b5-6a35-3621-a5e8-499422c7e514,2024/11/19 11:50,14.33,31.75375833,126.1995867,217.7,217
HKHKG,316746b5-6a35-3621-a5e8-499422c7e514,2024/11/19 12:00,14.5,31.72817,126.175855,218,219
HKHKG,316746b5-6a35-3621-a5e8-499422c7e514,2024/11/19 12:10,14.67,31.69702,126.1437275,222.05,222.5
HKHKG,316746b5-6a35-3621-a5e8-499422c7e514,2024/11/19 12:20,14.83,31.66587,126.1116,226.1,226
HKHKG,316746b5-6a35-3621-a5e8-499422c7e514,2024/11/19 12:30,15,31.61889667,126.0653933,217,217
HKHKG,316746b5-6a35-3621-a5e8-499422c7e514,2024/11/19 12:40,15.17,31.585505,126.034965,217.8,218
HKHKG,316746b5-6a35-3621-a5e8-499422c7e514,2024/11/19 12:50,15.33,31.56181833,126.01281,219.3,218
HKHKG,316746b5-6a35-3621-a5e8-499422c7e514,2024/11/19 13:00,15.5,31.52898833,125.9818117,218.3,218
HKHKG,316746b5-6a35-3621-a5e8-499422c7e514,2024/11/19 13:10,15.67,31.4893075,125.9432117,220.1,218
HKHKG,316746b5-6a35-3621-a5e8-499422c7e514,2024/11/19 13:20,15.83,31.44962667,125.9046117,221.9,218
HKHKG,316746b5-6a35-3621-a5e8-499422c7e514,2024/11/19 13:30,16,31.38202667,125.8549267,208.8,208
HKHKG,316746b5-6a35-3621-a5e8-499422c7e514,2024/11/19 13:40,16.17,31.352365,125.836935,211.7,208
HKHKG,316746b5-6a35-3621-a5e8-499422c7e514,2024/11/19 13:50,16.33,31.31140833,125.7982983,229.2,227
HKHKG,316746b5-6a35-3621-a5e8-499422c7e514,2024/11/19 14:00,16.5,31.29831667,125.7820833,226.5,224
HKHKG,316746b5-6a35-3621-a5e8-499422c7e514,2024/11/19 14:10,16.67,31.26080833,125.7525233,207.2,208
HKHKG,316746b5-6a35-3621-a5e8-499422c7e514,2024/11/19 14:20,16.83,31.20702333,125.71416,207.7,208
HKHKG,316746b5-6a35-3621-a5e8-499422c7e514,2024/11/19 14:30,17,31.178415,125.69439,213,211
HKHKG,316746b5-6a35-3621-a5e8-499422c7e514,2024/11/19 14:40,17.17,31.120165,125.66554,211.9,209
HKHKG,316746b5-6a35-3621-a5e8-499422c7e514,2024/11/19 14:50,17.33,31.09033084,125.6415475,214.2,212
HKHKG,316746b5-6a35-3621-a5e8-499422c7e514,2024/11/19 15:00,17.5,31.06049667,125.617555,216.5,215
HKHKG,316746b5-6a35-3621-a5e8-499422c7e514,2024/11/19 15:10,17.67,31.01514833,125.584195,213.75,213
HKHKG,316746b5-6a35-3621-a5e8-499422c7e514,2024/11/19 15:20,17.83,30.9698,125.550835,211,211
HKHKG,316746b5-6a35-3621-a5e8-499422c7e514,2024/11/19 15:30,18,30.93716333,125.52671,215.5,213
HKHKG,316746b5-6a35-3621-a5e8-499422c7e514,2024/11/19 15:40,18.17,30.89607167,125.4952408,213.3,214.5
HKHKG,316746b5-6a35-3621-a5e8-499422c7e514,2024/11/19 15:50,18.33,30.85498,125.4637717,211.1,216
HKHKG,316746b5-6a35-3621-a5e8-499422c7e514,2024/11/19 16:00,18.5,30.79932333,125.4040817,226.4,227
HKHKG,316746b5-6a35-3621-a5e8-499422c7e514,2024/11/19 16:10,18.67,30.77314833,125.3734633,222,223
HKHKG,316746b5-6a35-3621-a5e8-499422c7e514,2024/11/19 16:20,18.83,30.749815,125.3464183,225.3,227
HKHKG,316746b5-6a35-3621-a5e8-499422c7e514,2024/11/19 16:30,19,30.70489333,125.29375,217.7,221
HKHKG,316746b5-6a35-3621-a5e8-499422c7e514,2024/11/19 16:40,19.17,30.67388333,125.2586867,225.8,227
HKHKG,316746b5-6a35-3621-a5e8-499422c7e514,2024/11/19 16:50,19.33,30.63577167,125.2197342,222.45,224.5
HKHKG,316746b5-6a35-3621-a5e8-499422c7e514,2024/11/19 17:00,19.5,30.59766,125.1807817,219.1,222
HKHKG,316746b5-6a35-3621-a5e8-499422c7e514,2024/11/19 17:10,19.67,30.56778,125.1526167,217.2,220
HKHKG,316746b5-6a35-3621-a5e8-499422c7e514,2024/11/19 17:20,19.83,30.54344667,125.130385,216.9,220
HKHKG,316746b5-6a35-3621-a5e8-499422c7e514,2024/11/19 17:30,20,30.51228167,125.10282,217.4,219
HKHKG,316746b5-6a35-3621-a5e8-499422c7e514,2024/11/19 17:40,20.17,30.4760675,125.0704625,214.5,218.5
HKHKG,316746b5-6a35-3621-a5e8-499422c7e514,2024/11/19 17:50,20.33,30.43985333,125.038105,211.6,218
HKHKG,316746b5-6a35-3621-a5e8-499422c7e514,2024/11/19 18:00,20.5,30.37261667,124.9854833,216.2,218
HKHKG,316746b5-6a35-3621-a5e8-499422c7e514,2024/11/19 18:10,20.67,30.34048333,124.96044,219.8,221
HKHKG,316746b5-6a35-3621-a5e8-499422c7e514,2024/11/19 18:20,20.83,30.32335667,124.9449833,217.4,222
HKHKG,316746b5-6a35-3621-a5e8-499422c7e514,2024/11/19 18:30,21,30.28557667,124.9087183,222.1,225
HKHKG,316746b5-6a35-3621-a5e8-499422c7e514,2024/11/19 18:40,21.17,30.23249333,124.8538783,230.3,233
HKHKG,316746b5-6a35-3621-a5e8-499422c7e514,2024/11/19 18:50,21.33,30.20286167,124.8137125,225.8,229.5
HKHKG,316746b5-6a35-3621-a5e8-499422c7e514,2024/11/19 19:00,21.5,30.17323,124.7735467,221.3,226
HKHKG,316746b5-6a35-3621-a5e8-499422c7e514,2024/11/19 19:10,21.67,30.13273667,124.73714,219.1,222
JPHKT,257f9e00-67b9-3a9a-b420-ec1ca4ac4cb0,2024/12/11 19:40,0,35.060115,129.1268967,135.8,129
JPHKT,257f9e00-67b9-3a9a-b420-ec1ca4ac4cb0,2024/12/11 19:50,0.17,35.04115167,129.1572267,126.8,125
JPHKT,257f9e00-67b9-3a9a-b420-ec1ca4ac4cb0,2024/12/11 20:00,0.33,35.02321667,129.1916433,120.6,119
JPHKT,257f9e00-67b9-3a9a-b420-ec1ca4ac4cb0,2024/12/11 20:10,0.5,34.99945833,129.2286067,135.7,134
JPHKT,257f9e00-67b9-3a9a-b420-ec1ca4ac4cb0,2024/12/11 20:20,0.67,34.97486167,129.2600683,128.6,126
JPHKT,257f9e00-67b9-3a9a-b420-ec1ca4ac4cb0,2024/12/11 20:30,1,34.954905,129.29625,117.2,119
JPHKT,257f9e00-67b9-3a9a-b420-ec1ca4ac4cb0,2024/12/11 20:40,1.17,34.93737167,129.336375,116.2,120
JPHKT,257f9e00-67b9-3a9a-b420-ec1ca4ac4cb0,2024/12/11 20:50,1.33,34.91978167,129.3734067,122.4,122
JPHKT,257f9e00-67b9-3a9a-b420-ec1ca4ac4cb0,2024/12/11 21:00,1.5,34.902615,129.4065317,123.6,125
JPHKT,257f9e00-67b9-3a9a-b420-ec1ca4ac4cb0,2024/12/11 21:10,1.67,34.88200167,129.441115,126.4,125
JPHKT,257f9e00-67b9-3a9a-b420-ec1ca4ac4cb0,2024/12/11 21:20,1.83,34.86214167,129.4709917,141.2,140
JPHKT,257f9e00-67b9-3a9a-b420-ec1ca4ac4cb0,2024/12/11 21:30,2,34.83483167,129.497245,142.6,140
JPHKT,257f9e00-67b9-3a9a-b420-ec1ca4ac4cb0,2024/12/11 21:40,2.17,34.80686167,129.52461,141.4,140
JPHKT,257f9e00-67b9-3a9a-b420-ec1ca4ac4cb0,2024/12/11 21:50,2.33,34.78011667,129.5516783,138.1,140
JPHKT,257f9e00-67b9-3a9a-b420-ec1ca4ac4cb0,2024/12/11 22:00,2.5,34.75264167,129.5797683,138.2,141
JPHKT,257f9e00-67b9-3a9a-b420-ec1ca4ac4cb0,2024/12/11 22:10,2.67,34.72762667,129.606165,143,149
JPHKT,257f9e00-67b9-3a9a-b420-ec1ca4ac4cb0,2024/12/11 22:20,2.83,34.69664167,129.629215,150,150
JPHKT,257f9e00-67b9-3a9a-b420-ec1ca4ac4cb0,2024/12/11 22:30,3,34.66335833,129.65368,148.5,148
JPHKT,257f9e00-67b9-3a9a-b420-ec1ca4ac4cb0,2024/12/11 22:40,3.17,34.63501,129.67457,148.8,149
JPHKT,257f9e00-67b9-3a9a-b420-ec1ca4ac4cb0,2024/12/11 22:50,3.33,34.599805,129.6995533,149.6,150
JPHKT,257f9e00-67b9-3a9a-b420-ec1ca4ac4cb0,2024/12/11 23:00,3.5,34.571575,129.7193467,149.2,149
JPHKT,257f9e00-67b9-3a9a-b420-ec1ca4ac4cb0,2024/12/11 23:10,3.67,34.53952167,129.7428917,147.6,145
JPHKT,257f9e00-67b9-3a9a-b420-ec1ca4ac4cb0,2024/12/11 23:20,3.83,34.49220333,129.7753533,152.9,154
JPHKT,257f9e00-67b9-3a9a-b420-ec1ca4ac4cb0,2024/12/11 23:30,4,34.47546833,129.78532,153,154
JPHKT,257f9e00-67b9-3a9a-b420-ec1ca4ac4cb0,2024/12/11 23:40,4.17,34.42353833,129.8156867,154.6,155
JPHKT,257f9e00-67b9-3a9a-b420-ec1ca4ac4cb0,2024/12/11 23:50,4.33,34.40979667,129.8238733,152.2,155
JPHKT,257f9e00-67b9-3a9a-b420-ec1ca4ac4cb0,2024/12/12 0:00,4.5,34.37743667,129.8438817,152,155
JPHKT,257f9e00-67b9-3a9a-b420-ec1ca4ac4cb0,2024/12/12 0:10,4.67,34.32069,129.87962,151,155
JPHKT,257f9e00-67b9-3a9a-b420-ec1ca4ac4cb0,2024/12/12 0:20,4.83,34.314315,129.8835867,152.4,155
JPHKT,257f9e00-67b9-3a9a-b420-ec1ca4ac4cb0,2024/12/12 0:30,5,34.28532167,129.9021933,152.4,155
JPHKT,257f9e00-67b9-3a9a-b420-ec1ca4ac4cb0,2024/12/12 0:40,5.17,34.25164667,129.9235183,153.1,155
JPHKT,257f9e00-67b9-3a9a-b420-ec1ca4ac4cb0,2024/12/12 0:50,5.33,34.21489,129.9469667,151.9,154
JPHKT,257f9e00-67b9-3a9a-b420-ec1ca4ac4cb0,2024/12/12 1:00,5.5,34.169165,129.9747767,152.8,155
JPHKT,257f9e00-67b9-3a9a-b420-ec1ca4ac4cb0,2024/12/12 1:10,5.67,34.152705,129.9846883,154.3,155
JPHKT,257f9e00-67b9-3a9a-b420-ec1ca4ac4cb0,2024/12/12 1:20,5.83,34.10321167,130.0145933,153.4,156
JPHKT,257f9e00-67b9-3a9a-b420-ec1ca4ac4cb0,2024/12/12 1:30,6,34.08318,130.0258933,154.7,156
JPHKT,257f9e00-67b9-3a9a-b420-ec1ca4ac4cb0,2024/12/12 1:40,6.17,34.03866833,130.0508,154.2,157
JPHKT,257f9e00-67b9-3a9a-b420-ec1ca4ac4cb0,2024/12/12 1:50,6.33,34.00618833,130.068915,154.1,157
JPHKT,257f9e00-67b9-3a9a-b420-ec1ca4ac4cb0,2024/12/12 2:00,6.5,33.97154833,130.0874033,157.1,157
JPHKT,257f9e00-67b9-3a9a-b420-ec1ca4ac4cb0,2024/12/12 2:10,6.67,33.95294,130.0992333,145.8,147
JPHKT,257f9e00-67b9-3a9a-b420-ec1ca4ac4cb0,2024/12/12 2:20,6.83,33.91795,130.1257483,149,149
JPHKT,257f9e00-67b9-3a9a-b420-ec1ca4ac4cb0,2024/12/12 2:30,7,33.87786,130.152685,152.5,155
JPHKT,257f9e00-67b9-3a9a-b420-ec1ca4ac4cb0,2024/12/12 2:40,7.17,33.862495,130.16202,151.4,155
JPHKT,257f9e00-67b9-3a9a-b420-ec1ca4ac4cb0,2024/12/12 2:50,7.33,33.82643833,130.1838733,153.8,154
JPHKT,257f9e00-67b9-3a9a-b420-ec1ca4ac4cb0,2024/12/12 3:00,7.5,33.79309333,130.2039233,153.1,155
JPHKT,257f9e00-67b9-3a9a-b420-ec1ca4ac4cb0,2024/12/12 3:10,7.67,33.74324,130.2294417,161.1,161
JPHKT,257f9e00-67b9-3a9a-b420-ec1ca4ac4cb0,2024/12/12 3:20,7.83,33.72726833,130.2362233,159.5,162
JPHKT,257f9e00-67b9-3a9a-b420-ec1ca4ac4cb0,2024/12/12 3:30,8,33.68605,130.2532883,162,161
JPKIJ,193342ef-09db-3821-b67f-c4c0fa27418e,2024/12/06 15:50,0,35.05972833,129.1294283,120.6,114
JPKIJ,193342ef-09db-3821-b67f-c4c0fa27418e,2024/12/06 16:00,0.17,35.06337167,129.1543317,74,77
JPKIJ,193342ef-09db-3821-b67f-c4c0fa27418e,2024/12/06 16:10,0.33,35.07643,129.208015,73.6,77
JPKIJ,193342ef-09db-3821-b67f-c4c0fa27418e,2024/12/06 16:20,0.5,35.08995,129.269085,74.7,77
JPKIJ,193342ef-09db-3821-b67f-c4c0fa27418e,2024/12/06 16:30,0.67,35.10837667,129.3425617,71.8,75
JPKIJ,193342ef-09db-3821-b67f-c4c0fa27418e,2024/12/06 16:40,1,35.11698167,129.375555,72,75
JPKIJ,193342ef-09db-3821-b67f-c4c0fa27418e,2024/12/06 16:50,1.17,35.1424,129.4755583,75.5,80
JPKIJ,193342ef-09db-3821-b67f-c4c0fa27418e,2024/12/06 17:00,1.33,35.15524,129.53724,78,80
JPKIJ,193342ef-09db-3821-b67f-c4c0fa27418e,2024/12/06 17:10,1.5,35.160535,129.5711125,79.8,84.5
JPKIJ,193342ef-09db-3821-b67f-c4c0fa27418e,2024/12/06 17:20,1.67,35.16583,129.604985,81.6,89
JPKIJ,193342ef-09db-3821-b67f-c4c0fa27418e,2024/12/06 17:30,1.83,35.17475333,129.662015,73.8,74
JPKIJ,193342ef-09db-3821-b67f-c4c0fa27418e,2024/12/06 17:40,2,35.18716667,129.7127417,73.6,75
JPKIJ,193342ef-09db-3821-b67f-c4c0fa27418e,2024/12/06 17:50,2.17,35.20376,129.78086,73.6,74.5
JPKIJ,193342ef-09db-3821-b67f-c4c0fa27418e,2024/12/06 18:00,2.33,35.22035333,129.8489783,73.6,74
JPKIJ,193342ef-09db-3821-b67f-c4c0fa27418e,2024/12/06 18:10,2.5,35.23396,129.9053733,75.1,75
JPKIJ,193342ef-09db-3821-b67f-c4c0fa27418e,2024/12/06 18:20,2.67,35.24315167,129.947515,76.6,76
JPKIJ,193342ef-09db-3821-b67f-c4c0fa27418e,2024/12/06 18:30,2.83,35.25110333,129.985315,75.7,74
JPKIJ,193342ef-09db-3821-b67f-c4c0fa27418e,2024/12/06 18:40,3,35.26268417,130.0407617,75.6,74.5
JPKIJ,193342ef-09db-3821-b67f-c4c0fa27418e,2024/12/06 18:50,3.17,35.274265,130.0962083,75.5,75
JPKIJ,193342ef-09db-3821-b67f-c4c0fa27418e,2024/12/06 19:00,3.33,35.2926,130.185415,77.7,76
JPKIJ,193342ef-09db-3821-b67f-c4c0fa27418e,2024/12/06 19:10,3.5,35.299585,130.221975,78.4,76
JPKIJ,193342ef-09db-3821-b67f-c4c0fa27418e,2024/12/06 19:20,3.67,35.30757333,130.2633283,77,75
JPKIJ,193342ef-09db-3821-b67f-c4c0fa27418e,2024/12/06 19:30,3.83,35.31460833,130.3001517,77.1,75
JPKIJ,193342ef-09db-3821-b67f-c4c0fa27418e,2024/12/06 19:40,4,35.32857833,130.36695,74.2,72
JPKIJ,193342ef-09db-3821-b67f-c4c0fa27418e,2024/12/06 19:50,4.17,35.34254833,130.4337483,71.3,69
JPKIJ,193342ef-09db-3821-b67f-c4c0fa27418e,2024/12/06 20:00,4.33,35.35571083,130.4831475,72.05,69
JPKIJ,193342ef-09db-3821-b67f-c4c0fa27418e,2024/12/06 20:10,4.5,35.36887333,130.5325467,72.8,69
JPKIJ,193342ef-09db-3821-b67f-c4c0fa27418e,2024/12/06 20:20,4.67,35.37951167,130.5719517,69.9,69
JPKIJ,193342ef-09db-3821-b67f-c4c0fa27418e,2024/12/06 20:30,4.83,35.395475,130.6312483,71.9,69
JPKIJ,193342ef-09db-3821-b67f-c4c0fa27418e,2024/12/06 20:40,5,35.40193667,130.6556,70.3,70
JPKIJ,193342ef-09db-3821-b67f-c4c0fa27418e,2024/12/06 20:50,5.17,35.42140167,130.72943,72.4,70
JPKIJ,193342ef-09db-3821-b67f-c4c0fa27418e,2024/12/06 21:00,5.33,35.43192167,130.7686433,70.5,71
JPKIJ,193342ef-09db-3821-b67f-c4c0fa27418e,2024/12/06 21:10,5.5,35.44413167,130.8139367,70,70
JPKIJ,193342ef-09db-3821-b67f-c4c0fa27418e,2024/12/06 21:20,5.67,35.459585,130.8742917,74.5,70
JPKIJ,193342ef-09db-3821-b67f-c4c0fa27418e,2024/12/06 21:30,5.83,35.47171583,130.923605,73.1,70
JPKIJ,193342ef-09db-3821-b67f-c4c0fa27418e,2024/12/06 21:40,6,35.48384667,130.9729183,71.7,70
JPKIJ,193342ef-09db-3821-b67f-c4c0fa27418e,2024/12/06 21:50,6.17,35.50166,131.0497817,73.9,70
JPKIJ,193342ef-09db-3821-b67f-c4c0fa27418e,2024/12/06 22:00,6.33,35.50997833,131.0866717,73.7,70
JPKIJ,193342ef-09db-3821-b67f-c4c0fa27418e,2024/12/06 22:10,6.5,35.52111667,131.1370417,74.7,69
JPKIJ,193342ef-09db-3821-b67f-c4c0fa27418e,2024/12/06 22:20,6.67,35.53489,131.194305,74,70
JPKIJ,193342ef-09db-3821-b67f-c4c0fa27418e,2024/12/06 22:30,6.83,35.548525,131.248805,74.5,70
JPKIJ,193342ef-09db-3821-b67f-c4c0fa27418e,2024/12/06 22:40,7,35.56216,131.303305,75,70
JPKIJ,193342ef-09db-3821-b67f-c4c0fa27418e,2024/12/06 22:50,7.17,35.5803,131.3765667,72.7,70
JPKIJ,193342ef-09db-3821-b67f-c4c0fa27418e,2024/12/06 23:00,7.33,35.58973417,131.4171592,73.7,70.5
JPKIJ,193342ef-09db-3821-b67f-c4c0fa27418e,2024/12/06 23:10,7.5,35.59916833,131.4577517,74.7,71
JPKIJ,193342ef-09db-3821-b67f-c4c0fa27418e,2024/12/06 23:20,7.67,35.61088111,131.5132472,75,71.66666667
JPKIJ,193342ef-09db-3821-b67f-c4c0fa27418e,2024/12/06 23:30,7.83,35.62259389,131.5687428,75.3,72.33333333
JPKIJ,193342ef-09db-3821-b67f-c4c0fa27418e,2024/12/06 23:40,8,35.63430667,131.6242383,75.6,73
JPKIJ,193342ef-09db-3821-b67f-c4c0fa27418e,2024/12/06 23:50,8.17,35.65230167,131.70777,74,74
JPKIJ,193342ef-09db-3821-b67f-c4c0fa27418e,2024/12/07 0:00,8.33,35.663,131.7558517,74.9,73
JPKIJ,193342ef-09db-3821-b67f-c4c0fa27418e,2024/12/07 0:10,8.5,35.67092833,131.790305,75,73
JPKIJ,193342ef-09db-3821-b67f-c4c0fa27418e,2024/12/07 0:20,8.67,35.68310389,131.8459661,75,72.66666667
JPKIJ,193342ef-09db-3821-b67f-c4c0fa27418e,2024/12/07 0:30,8.83,35.69527944,131.9016272,75,72.33333333
JPKIJ,193342ef-09db-3821-b67f-c4c0fa27418e,2024/12/07 0:40,9,35.707455,131.9572883,75,72
JPKIJ,193342ef-09db-3821-b67f-c4c0fa27418e,2024/12/07 0:50,9.17,35.72773,132.04769,75.1,73
JPKIJ,193342ef-09db-3821-b67f-c4c0fa27418e,2024/12/07 1:00,9.33,35.73740667,132.0886633,74.85,73
JPKIJ,193342ef-09db-3821-b67f-c4c0fa27418e,2024/12/07 1:10,9.5,35.74708333,132.1296367,74.6,73
RUVVO,f643855a-6409-3bea-aaf0-64b66def60ad,2024/08/10 6:40,0,35.07013333,129.11715,148.1,147
RUVVO,f643855a-6409-3bea-aaf0-64b66def60ad,2024/08/10 6:50,0.17,35.0627,129.14575,74.8,84
RUVVO,f643855a-6409-3bea-aaf0-64b66def60ad,2024/08/10 7:00,0.33,35.07003333,129.1816333,75.3,83
RUVVO,f643855a-6409-3bea-aaf0-64b66def60ad,2024/08/10 7:10,0.5,35.0788,129.22165,75.5,85
RUVVO,f643855a-6409-3bea-aaf0-64b66def60ad,2024/08/10 7:20,0.67,35.0839,129.2463667,76.4,85
RUVVO,f643855a-6409-3bea-aaf0-64b66def60ad,2024/08/10 7:30,1,35.09448333,129.2998667,76.3,83
RUVVO,f643855a-6409-3bea-aaf0-64b66def60ad,2024/08/10 7:40,1.17,35.10265,129.3509667,85.5,96
RUVVO,f643855a-6409-3bea-aaf0-64b66def60ad,2024/08/10 7:50,1.33,35.10506667,129.3838833,79.4,85
RUVVO,f643855a-6409-3bea-aaf0-64b66def60ad,2024/08/10 8:00,1.5,35.11913333,129.4404333,69,80
RUVVO,f643855a-6409-3bea-aaf0-64b66def60ad,2024/08/10 8:10,1.67,35.13715,129.4865833,57.6,60
RUVVO,f643855a-6409-3bea-aaf0-64b66def60ad,2024/08/10 8:20,1.83,35.1637,129.51565,37.2,40
RUVVO,f643855a-6409-3bea-aaf0-64b66def60ad,2024/08/10 8:30,2,35.20048333,129.5428667,25.8,26
RUVVO,f643855a-6409-3bea-aaf0-64b66def60ad,2024/08/10 8:40,2.17,35.23965,129.5666333,25.9,26
RUVVO,f643855a-6409-3bea-aaf0-64b66def60ad,2024/08/10 8:50,2.33,35.27573333,129.58955,26.9,27
RUVVO,f643855a-6409-3bea-aaf0-64b66def60ad,2024/08/10 9:00,2.5,35.31345,129.6124333,26.4,26
RUVVO,f643855a-6409-3bea-aaf0-64b66def60ad,2024/08/10 9:10,2.67,35.35295,129.6325167,21.4,20
RUVVO,f643855a-6409-3bea-aaf0-64b66def60ad,2024/08/10 9:20,2.83,35.3835,129.6468,21.9,22
RUVVO,f643855a-6409-3bea-aaf0-64b66def60ad,2024/08/10 9:30,3,35.4316,129.6657333,15.8,15
RUVVO,f643855a-6409-3bea-aaf0-64b66def60ad,2024/08/10 9:40,3.17,35.47626667,129.68075,14.6,14
RUVVO,f643855a-6409-3bea-aaf0-64b66def60ad,2024/08/10 9:50,3.33,35.52988333,129.6983167,14.4,14
RUVVO,f643855a-6409-3bea-aaf0-64b66def60ad,2024/08/10 10:00,3.5,35.55393333,129.705325,13.65,13
RUVVO,f643855a-6409-3bea-aaf0-64b66def60ad,2024/08/10 10:10,3.67,35.57798333,129.7123333,12.9,12
RUVVO,f643855a-6409-3bea-aaf0-64b66def60ad,2024/08/10 10:20,3.83,35.61650833,129.7212,11.8,10
RUVVO,f643855a-6409-3bea-aaf0-64b66def60ad,2024/08/10 10:30,4,35.65503333,129.7300667,10.7,8
RUVVO,f643855a-6409-3bea-aaf0-64b66def60ad,2024/08/10 10:40,4.17,35.71923333,129.7405833,7.2,7
RUVVO,f643855a-6409-3bea-aaf0-64b66def60ad,2024/08/10 10:50,4.33,35.742875,129.7448333,9.6,9
RUVVO,f643855a-6409-3bea-aaf0-64b66def60ad,2024/08/10 11:00,4.5,35.76651667,129.7490833,12,11
RUVVO,f643855a-6409-3bea-aaf0-64b66def60ad,2024/08/10 11:10,4.67,35.81306667,129.7609083,11.65,10
RUVVO,f643855a-6409-3bea-aaf0-64b66def60ad,2024/08/10 11:20,4.83,35.85961667,129.7727333,11.3,9
RUVVO,f643855a-6409-3bea-aaf0-64b66def60ad,2024/08/10 11:30,5,35.87731667,129.7767167,10.9,9
RUVVO,f643855a-6409-3bea-aaf0-64b66def60ad,2024/08/10 11:40,5.17,35.93396667,129.7898167,11.4,9
RUVVO,f643855a-6409-3bea-aaf0-64b66def60ad,2024/08/10 11:50,5.33,35.96240833,129.7970917,11,8.5
RUVVO,f643855a-6409-3bea-aaf0-64b66def60ad,2024/08/10 12:00,5.5,35.99085,129.8043667,10.6,8
RUVVO,f643855a-6409-3bea-aaf0-64b66def60ad,2024/08/10 12:10,5.67,36.02996667,129.8135833,10.46666667,8
RUVVO,f643855a-6409-3bea-aaf0-64b66def60ad,2024/08/10 12:20,5.83,36.06908333,129.8228,10.33333333,8
RUVVO,f643855a-6409-3bea-aaf0-64b66def60ad,2024/08/10 12:30,6,36.1082,129.8320167,10.2,8
RUVVO,f643855a-6409-3bea-aaf0-64b66def60ad,2024/08/10 12:40,6.17,36.1737,129.8464833,12.6,12
RUVVO,f643855a-6409-3bea-aaf0-64b66def60ad,2024/08/10 12:50,6.33,36.19886111,129.8549222,13.43333333,12.33333333
RUVVO,f643855a-6409-3bea-aaf0-64b66def60ad,2024/08/10 13:00,6.5,36.22402222,129.8633611,14.26666667,12.66666667
RUVVO,f643855a-6409-3bea-aaf0-64b66def60ad,2024/08/10 13:10,6.67,36.24918333,129.8718,15.1,13
RUVVO,f643855a-6409-3bea-aaf0-64b66def60ad,2024/08/10 13:20,6.83,36.29344167,129.8838917,13.6,12.5
RUVVO,f643855a-6409-3bea-aaf0-64b66def60ad,2024/08/10 13:30,7,36.3377,129.8959833,12.1,12
RUVVO,f643855a-6409-3bea-aaf0-64b66def60ad,2024/08/10 13:40,7.17,36.36566667,129.9036167,12.5,12
RUVVO,f643855a-6409-3bea-aaf0-64b66def60ad,2024/08/10 13:50,7.33,36.40804167,129.9146333,11.9,11.5
RUVVO,f643855a-6409-3bea-aaf0-64b66def60ad,2024/08/10 14:00,7.5,36.45041667,129.92565,11.3,11
RUVVO,f643855a-6409-3bea-aaf0-64b66def60ad,2024/08/10 14:10,7.67,36.49051667,129.9356833,11.5,12
RUVVO,f643855a-6409-3bea-aaf0-64b66def60ad,2024/08/10 14:20,7.83,36.5274,129.945,11.4,11.5
RUVVO,f643855a-6409-3bea-aaf0-64b66def60ad,2024/08/10 14:30,8,36.56428333,129.9543167,11.3,11
RUVVO,f643855a-6409-3bea-aaf0-64b66def60ad,2024/08/10 14:40,8.17,36.59317222,129.9615556,11.46666667,11.33333333
RUVVO,f643855a-6409-3bea-aaf0-64b66def60ad,2024/08/10 14:50,8.33,36.62206111,129.9687944,11.63333333,11.66666667
RUVVO,f643855a-6409-3bea-aaf0-64b66def60ad,2024/08/10 15:00,8.5,36.65095,129.9760333,11.8,12
RUVVO,f643855a-6409-3bea-aaf0-64b66def60ad,2024/08/10 15:10,8.67,36.69165,129.9864833,12.3,12
RUVVO,f643855a-6409-3bea-aaf0-64b66def60ad,2024/08/10 15:20,8.83,36.73218889,129.9973778,12.46666667,12.66666667
RUVVO,f643855a-6409-3bea-aaf0-64b66def60ad,2024/08/10 15:30,9,36.77272778,130.0082722,12.63333333,13.33333333
RUVVO,f643855a-6409-3bea-aaf0-64b66def60ad,2024/08/10 15:40,9.17,36.81326667,130.0191667,12.8,14
RUVVO,f643855a-6409-3bea-aaf0-64b66def60ad,2024/08/10 15:50,9.33,36.840525,130.0267583,12.4,14
RUVVO,f643855a-6409-3bea-aaf0-64b66def60ad,2024/08/10 16:00,9.5,36.86778333,130.03435,12,14
RUVVO,f643855a-6409-3bea-aaf0-64b66def60ad,2024/08/10 16:10,9.67,36.92433333,130.0496833,11.8,14
RUVVO,f643855a-6409-3bea-aaf0-64b66def60ad,2024/08/10 16:20,9.83,36.952175,130.05685,12.2,14.5
RUVVO,f643855a-6409-3bea-aaf0-64b66def60ad,2024/08/10 16:30,10,36.98001667,130.0640167,12.6,15
RUVVO,f643855a-6409-3bea-aaf0-64b66def60ad,2024/08/10 16:40,10.17,37.02085556,130.0745833,12.23333333,15.33333333
RUVVO,f643855a-6409-3bea-aaf0-64b66def60ad,2024/08/10 16:50,10.33,37.06169444,130.08515,11.86666667,15.66666667
RUVVO,f643855a-6409-3bea-aaf0-64b66def60ad,2024/08/10 17:00,10.5,37.10253333,130.0957167,11.5,16
RUVVO,f643855a-6409-3bea-aaf0-64b66def60ad,2024/08/10 17:10,10.67,37.1315,130.1028,11.15,16.5
RUVVO,f643855a-6409-3bea-aaf0-64b66def60ad,2024/08/10 17:20,10.83,37.16046667,130.1098833,10.8,17
TWKEL,b875e4ee-41f2-3923-9c74-87f3e5370305,2024/11/14 14:10,0,35.052696,129.104963,161.61,151.6
TWKEL,b875e4ee-41f2-3923-9c74-87f3e5370305,2024/11/14 14:20,0.17,34.9182,129.2011833,197,200
TWKEL,b875e4ee-41f2-3923-9c74-87f3e5370305,2024/11/14 14:30,0.33,34.87133333,129.1754,205,205
TWKEL,b875e4ee-41f2-3923-9c74-87f3e5370305,2024/11/14 14:40,0.5,34.85176667,129.1641167,205,205
TWKEL,b875e4ee-41f2-3923-9c74-87f3e5370305,2024/11/14 14:50,0.67,34.81475,129.1420167,216,216
TWKEL,b875e4ee-41f2-3923-9c74-87f3e5370305,2024/11/14 15:00,1,34.78435,129.0836,249,245
TWKEL,b875e4ee-41f2-3923-9c74-87f3e5370305,2024/11/14 15:10,1.17,34.76246667,129.0441333,221,220
TWKEL,b875e4ee-41f2-3923-9c74-87f3e5370305,2024/11/14 15:20,1.33,34.74208333,129.0250167,212,207
TWKEL,b875e4ee-41f2-3923-9c74-87f3e5370305,2024/11/14 15:30,1.5,34.68751667,129.0046667,196,195
TWKEL,b875e4ee-41f2-3923-9c74-87f3e5370305,2024/11/14 15:40,1.67,34.64581667,128.98945,196,196
TWKEL,b875e4ee-41f2-3923-9c74-87f3e5370305,2024/11/14 15:50,1.83,34.60818333,128.9723833,201,201
TWKEL,b875e4ee-41f2-3923-9c74-87f3e5370305,2024/11/14 16:00,2,34.57959167,128.9521667,206.5,205.5
TWKEL,b875e4ee-41f2-3923-9c74-87f3e5370305,2024/11/14 16:10,2.17,34.551,128.93195,212,210
TWKEL,b875e4ee-41f2-3923-9c74-87f3e5370305,2024/11/14 16:20,2.33,34.51205,128.9010167,213,210
TWKEL,b875e4ee-41f2-3923-9c74-87f3e5370305,2024/11/14 16:30,2.5,34.47893333,128.8775667,209,208
TWKEL,b875e4ee-41f2-3923-9c74-87f3e5370305,2024/11/14 16:40,2.67,34.41605,128.8334333,213,212
TWKEL,b875e4ee-41f2-3923-9c74-87f3e5370305,2024/11/14 16:50,2.83,34.39436667,128.8154333,214,212
TWKEL,b875e4ee-41f2-3923-9c74-87f3e5370305,2024/11/14 17:00,3,34.36168333,128.787875,213,211.5
TWKEL,b875e4ee-41f2-3923-9c74-87f3e5370305,2024/11/14 17:10,3.17,34.329,128.7603167,212,211
TWKEL,b875e4ee-41f2-3923-9c74-87f3e5370305,2024/11/14 17:20,3.33,34.2943,128.7298,217,217.5
TWKEL,b875e4ee-41f2-3923-9c74-87f3e5370305,2024/11/14 17:30,3.5,34.2596,128.6992833,222,224
TWKEL,b875e4ee-41f2-3923-9c74-87f3e5370305,2024/11/14 17:40,3.67,34.20851667,128.6458167,215,216
TWKEL,b875e4ee-41f2-3923-9c74-87f3e5370305,2024/11/14 17:50,3.83,34.17163333,128.6146167,215,216
TWKEL,b875e4ee-41f2-3923-9c74-87f3e5370305,2024/11/14 18:00,4,34.13755625,128.5831813,215,215.75
TWKEL,b875e4ee-41f2-3923-9c74-87f3e5370305,2024/11/14 18:10,4.17,34.10347917,128.5517458,215,215.5
TWKEL,b875e4ee-41f2-3923-9c74-87f3e5370305,2024/11/14 18:20,4.33,34.06940208,128.5203104,215,215.25
TWKEL,b875e4ee-41f2-3923-9c74-87f3e5370305,2024/11/14 18:30,4.5,34.035325,128.488875,215,215
TWKEL,b875e4ee-41f2-3923-9c74-87f3e5370305,2024/11/14 18:40,4.67,34.00124792,128.4574396,215,214.75
TWKEL,b875e4ee-41f2-3923-9c74-87f3e5370305,2024/11/14 18:50,4.83,33.96717083,128.4260042,215,214.5
TWKEL,b875e4ee-41f2-3923-9c74-87f3e5370305,2024/11/14 19:00,5,33.93309375,128.3945687,215,214.25
TWKEL,b875e4ee-41f2-3923-9c74-87f3e5370305,2024/11/14 19:10,5.17,33.89901667,128.3631333,215,214
TWKEL,b875e4ee-41f2-3923-9c74-87f3e5370305,2024/11/14 19:20,5.33,33.86254167,128.3320417,214.5,213.5
TWKEL,b875e4ee-41f2-3923-9c74-87f3e5370305,2024/11/14 19:30,5.5,33.82606667,128.30095,214,213
TWKEL,b875e4ee-41f2-3923-9c74-87f3e5370305,2024/11/14 19:40,5.67,33.77035,128.25335,215,213
TWKEL,b875e4ee-41f2-3923-9c74-87f3e5370305,2024/11/14 19:50,5.83,33.74265834,128.2298917,214.5,212
TWKEL,b875e4ee-41f2-3923-9c74-87f3e5370305,2024/11/14 20:00,6,33.71496667,128.2064333,214,211
TWKEL,b875e4ee-41f2-3923-9c74-87f3e5370305,2024/11/14 20:10,6.17,33.6682,128.1681833,214,211
TWKEL,b875e4ee-41f2-3923-9c74-87f3e5370305,2024/11/14 20:20,6.33,33.635225,128.1407167,215,213
TWKEL,b875e4ee-41f2-3923-9c74-87f3e5370305,2024/11/14 20:30,6.5,33.60225,128.11325,216,215
TWKEL,b875e4ee-41f2-3923-9c74-87f3e5370305,2024/11/14 20:40,6.67,33.56569167,128.0779667,217.5,215
TWKEL,b875e4ee-41f2-3923-9c74-87f3e5370305,2024/11/14 20:50,6.83,33.52913333,128.0426833,219,215
TWKEL,b875e4ee-41f2-3923-9c74-87f3e5370305,2024/11/14 21:00,7,33.49448333,128.0088167,215,212
TWKEL,b875e4ee-41f2-3923-9c74-87f3e5370305,2024/11/14 21:10,7.17,33.45661111,127.9809611,213.6666667,210.3333333
TWKEL,b875e4ee-41f2-3923-9c74-87f3e5370305,2024/11/14 21:20,7.33,33.41873889,127.9531056,212.3333333,208.6666667
TWKEL,b875e4ee-41f2-3923-9c74-87f3e5370305,2024/11/14 21:30,7.5,33.38086667,127.92525,211,207
TWKEL,b875e4ee-41f2-3923-9c74-87f3e5370305,2024/11/14 21:40,7.67,33.32213333,127.8843,212,208
TWKEL,b875e4ee-41f2-3923-9c74-87f3e5370305,2024/11/14 21:50,7.83,33.29836667,127.8665167,211,206
TWKEL,b875e4ee-41f2-3923-9c74-87f3e5370305,2024/11/14 22:00,8,33.24506667,127.8282,210,206
TWKEL,b875e4ee-41f2-3923-9c74-87f3e5370305,2024/11/14 22:10,8.17,33.21404167,127.8058583,210.5,206
TWKEL,b875e4ee-41f2-3923-9c74-87f3e5370305,2024/11/14 22:20,8.33,33.18301667,127.7835167,211,206
TWKEL,b875e4ee-41f2-3923-9c74-87f3e5370305,2024/11/14 22:30,8.5,33.14885,127.7590333,210,206
TWKEL,b875e4ee-41f2-3923-9c74-87f3e5370305,2024/11/14 22:40,8.67,33.08953333,127.7166833,211,206
TWKEL,b875e4ee-41f2-3923-9c74-87f3e5370305,2024/11/14 22:50,8.83,33.06335,127.69795,210,206
TWKEL,b875e4ee-41f2-3923-9c74-87f3e5370305,2024/11/14 23:00,9,33.03371667,127.6760167,211,207
TWKEL,b875e4ee-41f2-3923-9c74-87f3e5370305,2024/11/14 23:10,9.17,32.99560556,127.6480333,211,207
TWKEL,b875e4ee-41f2-3923-9c74-87f3e5370305,2024/11/14 23:20,9.33,32.95749444,127.62005,211,207
TWKEL,b875e4ee-41f2-3923-9c74-87f3e5370305,2024/11/14 23:30,9.5,32.91938333,127.5920667,211,207
TWKEL,b875e4ee-41f2-3923-9c74-87f3e5370305,2024/11/14 23:40,9.67,32.85875,127.5481,212,207
TWKEL,b875e4ee-41f2-3923-9c74-87f3e5370305,2024/11/14 23:50,9.83,32.83146667,127.52815,211,207
TWKEL,b875e4ee-41f2-3923-9c74-87f3e5370305,2024/11/15 0:00,10,32.80518333,127.5089833,211,207
TWKEL,b875e4ee-41f2-3923-9c74-87f3e5370305,2024/11/15 0:10,10.17,32.76763333,127.4797722,210.6666667,207
TWKEL,b875e4ee-41f2-3923-9c74-87f3e5370305,2024/11/15 0:20,10.33,32.73008333,127.4505611,210.3333333,207
TWKEL,b875e4ee-41f2-3923-9c74-87f3e5370305,2024/11/15 0:30,10.5,32.69253333,127.42135,210,207
TWKEL,b875e4ee-41f2-3923-9c74-87f3e5370305,2024/11/15 0:40,10.67,32.63456667,127.3778833,212,208
TWKEL,b875e4ee-41f2-3923-9c74-87f3e5370305,2024/11/15 0:50,10.83,32.59989445,127.3500611,212.6666667,208.8333333
TWKEL,b875e4ee-41f2-3923-9c74-87f3e5370305,2024/11/15 1:00,11,32.56522222,127.3222389,213.3333333,209.6666667
TWKEL,b875e4ee-41f2-3923-9c74-87f3e5370305,2024/11/15 1:10,11.17,32.53055,127.2944167,214,210.5
TWKEL,b875e4ee-41f2-3923-9c74-87f3e5370305,2024/11/15 1:20,11.33,32.49587778,127.2665944,214.6666667,211.3333333
TWKEL,b875e4ee-41f2-3923-9c74-87f3e5370305,2024/11/15 1:30,11.5,32.46120555,127.2387722,215.3333333,212.1666667
TWKEL,b875e4ee-41f2-3923-9c74-87f3e5370305,2024/11/15 1:40,11.67,32.42653333,127.21095,216,213
TWKEL,b875e4ee-41f2-3923-9c74-87f3e5370305,2024/11/15 1:50,11.83,32.38888,127.17972,215.6,213
TWKEL,b875e4ee-41f2-3923-9c74-87f3e5370305,2024/11/15 2:00,12,32.35122667,127.14849,215.2,213
TWKEL,b875e4ee-41f2-3923-9c74-87f3e5370305,2024/11/15 2:10,12.17,32.31357333,127.11726,214.8,213
TWKEL,b875e4ee-41f2-3923-9c74-87f3e5370305,2024/11/15 2:20,12.33,32.27592,127.08603,214.4,213
TWKEL,b875e4ee-41f2-3923-9c74-87f3e5370305,2024/11/15 2:30,12.5,32.23826667,127.0548,214,213
TWKEL,b875e4ee-41f2-3923-9c74-87f3e5370305,2024/11/15 2:40,12.67,32.19922778,127.0236444,216.6666667,215
TWKEL,b875e4ee-41f2-3923-9c74-87f3e5370305,2024/11/15 2:50,12.83,32.16018889,126.9924889,219.3333333,217
TWKEL,b875e4ee-41f2-3923-9c74-87f3e5370305,2024/11/15 3:00,13,32.12115,126.9613333,222,219
TWKEL,b875e4ee-41f2-3923-9c74-87f3e5370305,2024/11/15 3:10,13.17,32.09015833,126.9316833,215,213
TWKEL,b875e4ee-41f2-3923-9c74-87f3e5370305,2024/11/15 3:20,13.33,32.05916667,126.9020333,208,207
TWKEL,b875e4ee-41f2-3923-9c74-87f3e5370305,2024/11/15 3:30,13.5,32.02516667,126.8833167,205.3333333,204.6666667
TWKEL,b875e4ee-41f2-3923-9c74-87f3e5370305,2024/11/15 3:40,13.67,31.99116667,126.8646,202.6666667,202.3333333
TWKEL,b875e4ee-41f2-3923-9c74-87f3e5370305,2024/11/15 3:50,13.83,31.95716667,126.8458833,200,200
TWKEL,b875e4ee-41f2-3923-9c74-87f3e5370305,2024/11/15 4:00,14,31.89431667,126.8199,197,197
TWKEL,b875e4ee-41f2-3923-9c74-87f3e5370305,2024/11/15 4:10,14.17,31.84478333,126.8014417,197,197
TWKEL,b875e4ee-41f2-3923-9c74-87f3e5370305,2024/11/15 4:20,14.33,31.79525,126.7829833,197,197
TWKEL,b875e4ee-41f2-3923-9c74-87f3e5370305,2024/11/15 4:30,14.5,31.76386666,126.7698083,198.5,199
TWKEL,b875e4ee-41f2-3923-9c74-87f3e5370305,2024/11/15 4:40,14.67,31.73248333,126.7566333,200,201
TWKEL,b875e4ee-41f2-3923-9c74-87f3e5370305,2024/11/15 4:50,14.83,31.7044,126.744,200,201
TWKEL,b875e4ee-41f2-3923-9c74-87f3e5370305,2024/11/15 5:00,15,31.65745,126.7250417,202,204
TWKEL,b875e4ee-41f2-3923-9c74-87f3e5370305,2024/11/15 5:10,15.17,31.6105,126.7060833,204,207
TWKEL,b875e4ee-41f2-3923-9c74-87f3e5370305,2024/11/15 5:20,15.33,31.57670833,126.6845667,206,208.5
TWKEL,b875e4ee-41f2-3923-9c74-87f3e5370305,2024/11/15 5:30,15.5,31.54291667,126.66305,208,210
TWKEL,b875e4ee-41f2-3923-9c74-87f3e5370305,2024/11/15 5:40,15.67,31.50125833,126.6306833,209.5,212.5
TWKEL,b875e4ee-41f2-3923-9c74-87f3e5370305,2024/11/15 5:50,15.83,31.4596,126.5983167,211,215
TWKEL,b875e4ee-41f2-3923-9c74-87f3e5370305,2024/11/15 6:00,16,31.41308334,126.5632167,212,214.5
TWKEL,b875e4ee-41f2-3923-9c74-87f3e5370305,2024/11/15 6:10,16.17,31.36656667,126.5281167,213,214
TWKEL,b875e4ee-41f2-3923-9c74-87f3e5370305,2024/11/15 6:20,16.33,31.341825,126.5092333,212.5,214
TWKEL,b875e4ee-41f2-3923-9c74-87f3e5370305,2024/11/15 6:30,16.5,31.31708333,126.49035,212,214
TWKEL,b875e4ee-41f2-3923-9c74-87f3e5370305,2024/11/15 6:40,16.67,31.26136667,126.4454667,216,217
TWKEL,b875e4ee-41f2-3923-9c74-87f3e5370305,2024/11/15 6:50,16.83,31.22856667,126.4211167,196,196
TWKEL,b875e4ee-41f2-3923-9c74-87f3e5370305,2024/11/15 7:00,17,31.18769167,126.3923083,208,208
TWKEL,b875e4ee-41f2-3923-9c74-87f3e5370305,2024/11/15 7:10,17.17,31.14681667,126.3635,220,220
TWKEL,b875e4ee-41f2-3923-9c74-87f3e5370305,2024/11/15 7:20,17.33,31.12084167,126.3373583,221,221
TWKEL,b875e4ee-41f2-3923-9c74-87f3e5370305,2024/11/15 7:30,17.5,31.09486667,126.3112167,222,222
TWKEL,b875e4ee-41f2-3923-9c74-87f3e5370305,2024/11/15 7:40,17.67,31.04311667,126.2590167,216,216
TWKEL,b875e4ee-41f2-3923-9c74-87f3e5370305,2024/11/15 7:50,17.83,31.00317778,126.2309,213.6666667,212.6666667
TWKEL,b875e4ee-41f2-3923-9c74-87f3e5370305,2024/11/15 8:00,18,30.96323889,126.2027833,211.3333333,209.3333333
TWKEL,b875e4ee-41f2-3923-9c74-87f3e5370305,2024/11/15 8:10,18.17,30.9233,126.1746667,209,206
TWKEL,b875e4ee-41f2-3923-9c74-87f3e5370305,2024/11/15 8:20,18.33,30.89218333,126.1576333,206,204
TWKEL,b875e4ee-41f2-3923-9c74-87f3e5370305,2024/11/15 8:30,18.5,30.86106667,126.1406,203,202
TWKEL,b875e4ee-41f2-3923-9c74-87f3e5370305,2024/11/15 8:40,18.67,30.81928889,126.1199778,203.3333333,201.3333333
TWKEL,b875e4ee-41f2-3923-9c74-87f3e5370305,2024/11/15 8:50,18.83,30.77751111,126.0993556,203.6666667,200.6666667
TWKEL,b875e4ee-41f2-3923-9c74-87f3e5370305,2024/11/15 9:00,19,30.73573333,126.0787333,204,200
TWKEL,b875e4ee-41f2-3923-9c74-87f3e5370305,2024/11/15 9:10,19.17,30.66621667,126.0450667,202,198
TWKEL,b875e4ee-41f2-3923-9c74-87f3e5370305,2024/11/15 9:20,19.33,30.638775,126.0318583,202,198
TWKEL,b875e4ee-41f2-3923-9c74-87f3e5370305,2024/11/15 9:30,19.5,30.61133333,126.01865,202,198
TWKEL,b875e4ee-41f2-3923-9c74-87f3e5370305,2024/11/15 9:40,19.67,30.56483333,125.9959167,202.5,198
TWKEL,b875e4ee-41f2-3923-9c74-87f3e5370305,2024/11/15 9:50,19.83,30.51833333,125.9731833,203,198
TWKEL,b875e4ee-41f2-3923-9c74-87f3e5370305,2024/11/15 10:00,20,30.48700833,125.9573917,204.5,200.5
TWKEL,b875e4ee-41f2-3923-9c74-87f3e5370305,2024/11/15 10:10,20.17,30.45568333,125.9416,206,203
TWKEL,b875e4ee-41f2-3923-9c74-87f3e5370305,2024/11/15 10:20,20.33,30.4112875,125.9050167,208.5,204.75
TWKEL,b875e4ee-41f2-3923-9c74-87f3e5370305,2024/11/15 10:30,20.5,30.36689167,125.8684333,211,206.5
TWKEL,b875e4ee-41f2-3923-9c74-87f3e5370305,2024/11/15 10:40,20.67,30.32249583,125.83185,213.5,208.25
TWKEL,b875e4ee-41f2-3923-9c74-87f3e5370305,2024/11/15 10:50,20.83,30.2781,125.7952667,216,210
TWKEL,b875e4ee-41f2-3923-9c74-87f3e5370305,2024/11/15 11:00,21,30.24724583,125.7706917,215.5,210
TWKEL,b875e4ee-41f2-3923-9c74-87f3e5370305,2024/11/15 11:10,21.17,30.21639167,125.7461167,215,210
TWKEL,b875e4ee-41f2-3923-9c74-87f3e5370305,2024/11/15 11:20,21.33,30.1855375,125.7215417,214.5,210
TWKEL,b875e4ee-41f2-3923-9c74-87f3e5370305,2024/11/15 11:30,21.5,30.15468333,125.6969667,214,210
TWKEL,b875e4ee-41f2-3923-9c74-87f3e5370305,2024/11/15 11:40,21.67,30.12306666,125.6632722,218.6666667,215
TWKEL,b875e4ee-41f2-3923-9c74-87f3e5370305,2024/11/15 11:50,21.83,30.09145,125.6295778,223.3333333,220
TWKEL,b875e4ee-41f2-3923-9c74-87f3e5370305,2024/11/15 12:00,22,30.05983333,125.5958833,228,225
TWKEL,b875e4ee-41f2-3923-9c74-87f3e5370305,2024/11/15 12:10,22.17,30.01601667,125.5408,226,223
TWKEL,b875e4ee-41f2-3923-9c74-87f3e5370305,2024/11/15 12:20,22.33,29.98725834,125.5178111,227,224.1666667
TWKEL,b875e4ee-41f2-3923-9c74-87f3e5370305,2024/11/15 12:30,22.5,29.9585,125.4948222,228,225.3333333
TWKEL,b875e4ee-41f2-3923-9c74-87f3e5370305,2024/11/15 12:40,22.67,29.92974167,125.4718333,229,226.5
TWKEL,b875e4ee-41f2-3923-9c74-87f3e5370305,2024/11/15 12:50,22.83,29.90098334,125.4488444,230,227.6666667
TWKEL,b875e4ee-41f2-3923-9c74-87f3e5370305,2024/11/15 13:00,23,29.872225,125.4258556,231,228.8333333
TWKEL,b875e4ee-41f2-3923-9c74-87f3e5370305,2024/11/15 13:10,23.17,29.84346667,125.4028667,232,230
TWKEL,b875e4ee-41f2-3923-9c74-87f3e5370305,2024/11/15 13:20,23.33,29.81365556,125.3593,231.3333333,230
TWKEL,b875e4ee-41f2-3923-9c74-87f3e5370305,2024/11/15 13:30,23.5,29.78384444,125.3157333,230.6666667,230
TWKEL,b875e4ee-41f2-3923-9c74-87f3e5370305,2024/11/15 13:40,23.67,29.75403333,125.2721667,230,230
TWKEL,b875e4ee-41f2-3923-9c74-87f3e5370305,2024/11/15 13:50,23.83,29.72863333,125.2375,227.5,227
TWKEL,b875e4ee-41f2-3923-9c74-87f3e5370305,2024/11/15 14:00,24,29.70323333,125.2028333,225,224
TWKEL,b875e4ee-41f2-3923-9c74-87f3e5370305,2024/11/15 14:10,24.17,29.67435833,125.1703333,222,222.5
TWKEL,b875e4ee-41f2-3923-9c74-87f3e5370305,2024/11/15 14:20,24.33,29.64548333,125.1378333,219,221
TWKEL,b875e4ee-41f2-3923-9c74-87f3e5370305,2024/11/15 14:30,24.5,29.58931667,125.0927167,219,220
TWKEL,b875e4ee-41f2-3923-9c74-87f3e5370305,2024/11/15 14:40,24.67,29.55956667,125.0680889,217.6666667,219
TWKEL,b875e4ee-41f2-3923-9c74-87f3e5370305,2024/11/15 14:50,24.83,29.52981667,125.0434611,216.3333333,218
TWKEL,b875e4ee-41f2-3923-9c74-87f3e5370305,2024/11/15 15:00,25,29.50006667,125.0188333,215,217
TWKEL,b875e4ee-41f2-3923-9c74-87f3e5370305,2024/11/15 15:10,25.17,29.46828333,124.9913583,215,217
TWKEL,b875e4ee-41f2-3923-9c74-87f3e5370305,2024/11/15 15:20,25.33,29.4365,124.9638833,215,217
TWKEL,b875e4ee-41f2-3923-9c74-87f3e5370305,2024/11/15 15:30,25.5,29.40285834,124.9371833,214.5,217
TWKEL,b875e4ee-41f2-3923-9c74-87f3e5370305,2024/11/15 15:40,25.67,29.36921667,124.9104833,214,217
TWKEL,b875e4ee-41f2-3923-9c74-87f3e5370305,2024/11/15 15:50,25.83,29.32385,124.871925,215.5,219
TWKEL,b875e4ee-41f2-3923-9c74-87f3e5370305,2024/11/15 16:00,26,29.27848333,124.8333667,217,221
TWKEL,b875e4ee-41f2-3923-9c74-87f3e5370305,2024/11/15 16:10,26.17,29.25305833,124.8107,216.5,220
TWKEL,b875e4ee-41f2-3923-9c74-87f3e5370305,2024/11/15 16:20,26.33,29.22763333,124.7880333,216,219
TWKEL,b875e4ee-41f2-3923-9c74-87f3e5370305,2024/11/15 16:30,26.5,29.19402778,124.7607444,212.6666667,215
TWKEL,b875e4ee-41f2-3923-9c74-87f3e5370305,2024/11/15 16:40,26.67,29.16042222,124.7334556,209.3333333,211
TWKEL,b875e4ee-41f2-3923-9c74-87f3e5370305,2024/11/15 16:50,26.83,29.12681667,124.7061667,206,207
TWKEL,b875e4ee-41f2-3923-9c74-87f3e5370305,2024/11/15 17:00,27,29.0593,124.67165,203,206
TWKEL,b875e4ee-41f2-3923-9c74-87f3e5370305,2024/11/15 17:10,27.17,29.02914167,124.6553667,206,209
TWKEL,b875e4ee-41f2-3923-9c74-87f3e5370305,2024/11/15 17:20,27.33,28.99898333,124.6390833,209,212
TWKEL,b875e4ee-41f2-3923-9c74-87f3e5370305,2024/11/15 17:30,27.5,28.94158333,124.5997667,211,213
TWKEL,b875e4ee-41f2-3923-9c74-87f3e5370305,2024/11/15 17:40,27.67,28.9145,124.5795167,216.5,219.5
TWKEL,b875e4ee-41f2-3923-9c74-87f3e5370305,2024/11/15 17:50,27.83,28.88741667,124.5592667,222,226
TWKEL,b875e4ee-41f2-3923-9c74-87f3e5370305,2024/11/15 18:00,28,28.86568333,124.5344333,225,227
TWKEL,b875e4ee-41f2-3923-9c74-87f3e5370305,2024/11/15 18:10,28.17,28.82513889,124.5017167,221.3333333,223.3333333
TWKEL,b875e4ee-41f2-3923-9c74-87f3e5370305,2024/11/15 18:20,28.33,28.78459444,124.469,217.6666667,219.6666667
TWKEL,b875e4ee-41f2-3923-9c74-87f3e5370305,2024/11/15 18:30,28.5,28.74405,124.4362833,214,216
TWKEL,b875e4ee-41f2-3923-9c74-87f3e5370305,2024/11/15 18:40,28.67,28.70911111,124.4086778,214.3333333,215.6666667
TWKEL,b875e4ee-41f2-3923-9c74-87f3e5370305,2024/11/15 18:50,28.83,28.67417222,124.3810722,214.6666667,215.3333333
TWKEL,b875e4ee-41f2-3923-9c74-87f3e5370305,2024/11/15 19:00,29,28.63923333,124.3534667,215,215
JPTYO,e7662743-088c-3f3e-bb00-169789abf5cf,2024/11/27 7:50,0,35.06896667,129.1159167,147.5,144
JPTYO,e7662743-088c-3f3e-bb00-169789abf5cf,2024/11/27 8:00,0.17,35.04774333,129.15026,115.9,124
JPTYO,e7662743-088c-3f3e-bb00-169789abf5cf,2024/11/27 8:10,0.33,35.02168667,129.1879467,131.7,137
JPTYO,e7662743-088c-3f3e-bb00-169789abf5cf,2024/11/27 8:20,0.5,34.99455667,129.223,131.2,135
JPTYO,e7662743-088c-3f3e-bb00-169789abf5cf,2024/11/27 8:30,0.67,34.97144833,129.2576667,126.4,132
JPTYO,e7662743-088c-3f3e-bb00-169789abf5cf,2024/11/27 8:40,1,34.94998,129.29049,130.5,132
JPTYO,e7662743-088c-3f3e-bb00-169789abf5cf,2024/11/27 8:50,1.17,34.91176167,129.33917,134.2,141
JPTYO,e7662743-088c-3f3e-bb00-169789abf5cf,2024/11/27 9:00,1.33,34.88846333,129.365945,136.2,143
JPTYO,e7662743-088c-3f3e-bb00-169789abf5cf,2024/11/27 9:10,1.5,34.852685,129.40704,139.4,144
JPTYO,e7662743-088c-3f3e-bb00-169789abf5cf,2024/11/27 9:20,1.67,34.81994333,129.4410817,148.5,148
JPTYO,e7662743-088c-3f3e-bb00-169789abf5cf,2024/11/27 9:30,1.83,34.78879667,129.4698433,139.6,142
JPTYO,e7662743-088c-3f3e-bb00-169789abf5cf,2024/11/27 9:40,2,34.75624333,129.5035283,138.6,140
JPTYO,e7662743-088c-3f3e-bb00-169789abf5cf,2024/11/27 9:50,2.17,34.72525833,129.5331567,144.2,147
JPTYO,e7662743-088c-3f3e-bb00-169789abf5cf,2024/11/27 10:00,2.33,34.68844167,129.5642533,146,148
JPTYO,e7662743-088c-3f3e-bb00-169789abf5cf,2024/11/27 10:10,2.5,34.65507,129.5915517,146,147
JPTYO,e7662743-088c-3f3e-bb00-169789abf5cf,2024/11/27 10:20,2.67,34.61840667,129.620795,148,150
JPTYO,e7662743-088c-3f3e-bb00-169789abf5cf,2024/11/27 10:30,2.83,34.59365,129.6393767,145.8,149
JPTYO,e7662743-088c-3f3e-bb00-169789abf5cf,2024/11/27 10:40,3,34.53634667,129.6795833,147.2,151
JPTYO,e7662743-088c-3f3e-bb00-169789abf5cf,2024/11/27 10:50,3.17,34.50082333,129.7047817,148.1,152
JPTYO,e7662743-088c-3f3e-bb00-169789abf5cf,2024/11/27 11:00,3.33,34.48421167,129.7165433,150.1,154
JPTYO,e7662743-088c-3f3e-bb00-169789abf5cf,2024/11/27 11:10,3.5,34.44650167,129.74475,150.3,151
JPTYO,e7662743-088c-3f3e-bb00-169789abf5cf,2024/11/27 11:20,3.67,34.41188834,129.7705842,148.8,152.5
JPTYO,e7662743-088c-3f3e-bb00-169789abf5cf,2024/11/27 11:30,3.83,34.377275,129.7964183,147.3,154
CNTXG,c85b6aa8-befa-316e-b80b-fb5f70c4b7ff,2024/12/17 22:50,999,39.003315,117.7792633,342.1,341
JPSMZ,e7662743-088c-3f3e-bb00-169789abf5cf,2024/12/07 14:10,0,35.07184667,129.1172817,135.5,133
JPSMZ,e7662743-088c-3f3e-bb00-169789abf5cf,2024/12/07 14:20,0.17,35.05128,129.15244,123.5,130
JPSMZ,e7662743-088c-3f3e-bb00-169789abf5cf,2024/12/07 14:30,0.33,35.02846667,129.1930717,124.7,131
JPSMZ,e7662743-088c-3f3e-bb00-169789abf5cf,2024/12/07 14:40,0.5,35.01030667,129.22407,127.1,131
JPSMZ,e7662743-088c-3f3e-bb00-169789abf5cf,2024/12/07 14:50,0.67,34.98153917,129.2678858,126,129
JPSMZ,e7662743-088c-3f3e-bb00-169789abf5cf,2024/12/07 15:00,1,34.95277167,129.3117017,124.9,127
JPSMZ,e7662743-088c-3f3e-bb00-169789abf5cf,2024/12/07 15:10,1.17,34.93873,129.3349617,127.1,127
JPSMZ,e7662743-088c-3f3e-bb00-169789abf5cf,2024/12/07 15:20,1.33,34.90162,129.4003433,123.6,127
JPSMZ,e7662743-088c-3f3e-bb00-169789abf5cf,2024/12/07 15:30,1.5,34.89135167,129.420315,121.2,125
JPSMZ,e7662743-088c-3f3e-bb00-169789abf5cf,2024/12/07 15:40,1.67,34.85738833,129.486995,124,124
JPSMZ,e7662743-088c-3f3e-bb00-169789abf5cf,2024/12/07 15:50,1.83,34.832515,129.53221,123,123
JPSMZ,e7662743-088c-3f3e-bb00-169789abf5cf,2024/12/07 16:00,2,34.81031,129.57384,123.2,123
JPSMZ,e7662743-088c-3f3e-bb00-169789abf5cf,2024/12/07 16:10,2.17,34.786535,129.6189467,120.9,124
JPSMZ,e7662743-088c-3f3e-bb00-169789abf5cf,2024/12/07 16:20,2.33,34.759155,129.6678483,122.8,123
JPSMZ,e7662743-088c-3f3e-bb00-169789abf5cf,2024/12/07 16:30,2.5,34.73679333,129.708585,123.3,123
JPSMZ,e7662743-088c-3f3e-bb00-169789abf5cf,2024/12/07 16:40,2.67,34.71092833,129.7527083,128.7,127
JPSMZ,e7662743-088c-3f3e-bb00-169789abf5cf,2024/12/07 16:50,2.83,34.68003333,129.8048767,124.1,126
JPSMZ,e7662743-088c-3f3e-bb00-169789abf5cf,2024/12/07 17:00,3,34.66080667,129.835615,127.7,129
JPSMZ,e7662743-088c-3f3e-bb00-169789abf5cf,2024/12/07 17:10,3.17,34.63648417,129.8736517,126.8,128
JPSMZ,e7662743-088c-3f3e-bb00-169789abf5cf,2024/12/07 17:20,3.33,34.61216167,129.9116883,125.9,127
JPSMZ,e7662743-088c-3f3e-bb00-169789abf5cf,2024/12/07 17:30,3.5,34.58148833,129.95998,128.3,128
JPSMZ,e7662743-088c-3f3e-bb00-169789abf5cf,2024/12/07 17:40,3.67,34.55436555,129.9996039,129.4,129.6666667
JPSMZ,e7662743-088c-3f3e-bb00-169789abf5cf,2024/12/07 17:50,3.83,34.52724278,130.0392278,130.5,131.3333333
JPSMZ,e7662743-088c-3f3e-bb00-169789abf5cf,2024/12/07 18:00,4,34.50012,130.0788517,131.6,133
JPSMZ,e7662743-088c-3f3e-bb00-169789abf5cf,2024/12/07 18:10,4.17,34.46933333,130.1224167,132.6,135
JPSMZ,e7662743-088c-3f3e-bb00-169789abf5cf,2024/12/07 18:20,4.33,34.433255,130.1731517,130.6,133
JPSMZ,e7662743-088c-3f3e-bb00-169789abf5cf,2024/12/07 18:30,4.5,34.41207333,130.203895,128.7,130
JPSMZ,e7662743-088c-3f3e-bb00-169789abf5cf,2024/12/07 18:40,4.67,34.38778167,130.242285,127.7,130
JPSMZ,e7662743-088c-3f3e-bb00-169789abf5cf,2024/12/07 18:50,4.83,34.37706667,130.258995,128.6,130
JPSMZ,e7662743-088c-3f3e-bb00-169789abf5cf,2024/12/07 19:00,5,34.34833333,130.3012433,131.2,131
JPSMZ,e7662743-088c-3f3e-bb00-169789abf5cf,2024/12/07 19:10,5.17,34.31087167,130.3557833,129.8,132
JPSMZ,e7662743-088c-3f3e-bb00-169789abf5cf,2024/12/07 19:20,5.33,34.29683333,130.3786283,125.5,127
JPSMZ,e7662743-088c-3f3e-bb00-169789abf5cf,2024/12/07 19:30,5.5,34.27498,130.416025,124.6,127
JPSMZ,e7662743-088c-3f3e-bb00-169789abf5cf,2024/12/07 19:40,5.67,34.23772833,130.478895,124.2,127
JPSMZ,e7662743-088c-3f3e-bb00-169789abf5cf,2024/12/07 19:50,5.83,34.21267333,130.52134,125.9,128
JPSMZ,e7662743-088c-3f3e-bb00-169789abf5cf,2024/12/07 20:00,6,34.187335,130.5642567,127.2,126
JPSMZ,e7662743-088c-3f3e-bb00-169789abf5cf,2024/12/07 20:10,6.17,34.1625,130.6056733,123.1,127
JPSMZ,e7662743-088c-3f3e-bb00-169789abf5cf,2024/12/07 20:20,6.33,34.138125,130.6466867,126.1,125
JPSMZ,e7662743-088c-3f3e-bb00-169789abf5cf,2024/12/07 20:30,6.5,34.116035,130.6861917,125.1,125
JPSMZ,e7662743-088c-3f3e-bb00-169789abf5cf,2024/12/07 20:40,6.67,34.09076167,130.7299117,125,127
JPSMZ,e7662743-088c-3f3e-bb00-169789abf5cf,2024/12/07 20:50,6.83,34.07090667,130.7708633,122,122
JPSMZ,e7662743-088c-3f3e-bb00-169789abf5cf,2024/12/07 21:00,7,34.04510333,130.8126367,138.6,141
JPSMZ,e7662743-088c-3f3e-bb00-169789abf5cf,2024/12/07 21:10,7.17,34.01118167,130.8374667,167.5,168
JPSMZ,e7662743-088c-3f3e-bb00-169789abf5cf,2024/12/07 21:20,7.33,33.968545,130.8386317,172,163
JPSMZ,e7662743-088c-3f3e-bb00-169789abf5cf,2024/12/07 21:30,7.5,33.94644167,130.8579483,139.2,139
JPSMZ,e7662743-088c-3f3e-bb00-169789abf5cf,2024/12/07 21:40,7.67,33.92580167,130.87902,140.6,140
JPSMZ,e7662743-088c-3f3e-bb00-169789abf5cf,2024/12/07 21:50,7.83,33.90133667,130.9109217,97.5,89
JPSMZ,e7662743-088c-3f3e-bb00-169789abf5cf,2024/12/07 22:00,8,33.93155667,130.9376,18.5,15
JPSMZ,e7662743-088c-3f3e-bb00-169789abf5cf,2024/12/07 22:10,8.17,33.96839833,130.9748567,70.7,68
JPSMZ,e7662743-088c-3f3e-bb00-169789abf5cf,2024/12/07 22:20,8.33,33.966605,131.0249883,127.1,126
JPSMZ,e7662743-088c-3f3e-bb00-169789abf5cf,2024/12/07 22:30,8.5,33.938315,131.0580933,127.2,126
JPSMZ,e7662743-088c-3f3e-bb00-169789abf5cf,2024/12/07 22:40,8.67,33.91186167,131.100755,127,127
JPSMZ,e7662743-088c-3f3e-bb00-169789abf5cf,2024/12/07 22:50,8.83,33.88671833,131.1402533,127.7,128
JPSMZ,e7662743-088c-3f3e-bb00-169789abf5cf,2024/12/07 23:00,9,33.86176167,131.1792867,127.5,127
JPSMZ,e7662743-088c-3f3e-bb00-169789abf5cf,2024/12/07 23:10,9.17,33.84371833,131.22726,106.3,105
JPSMZ,e7662743-088c-3f3e-bb00-169789abf5cf,2024/12/07 23:20,9.33,33.8336,131.2734083,104,103
JPSMZ,e7662743-088c-3f3e-bb00-169789abf5cf,2024/12/07 23:30,9.5,33.82776167,131.3008817,104.1,103
JPSMZ,e7662743-088c-3f3e-bb00-169789abf5cf,2024/12/07 23:40,9.67,33.81116333,131.37375,105.8,105
JPSMZ,e7662743-088c-3f3e-bb00-169789abf5cf,2024/12/07 23:50,9.83,33.80034167,131.4188433,105.6,105
JPSMZ,e7662743-088c-3f3e-bb00-169789abf5cf,2024/12/08 0:00,10,33.78966833,131.464325,105.5,106
JPSMZ,e7662743-088c-3f3e-bb00-169789abf5cf,2024/12/08 0:10,10.17,33.78016667,131.5151333,100.9,100
JPSMZ,e7662743-088c-3f3e-bb00-169789abf5cf,2024/12/08 0:20,10.33,33.77278333,131.5639917,97.3,98
JPSMZ,e7662743-088c-3f3e-bb00-169789abf5cf,2024/12/08 0:30,10.5,33.76648167,131.6110133,101.5,100
JPSMZ,e7662743-088c-3f3e-bb00-169789abf5cf,2024/12/08 0:40,10.67,33.759255,131.6579617,100.5,99
JPSMZ,e7662743-088c-3f3e-bb00-169789abf5cf,2024/12/08 0:50,10.83,33.74689,131.7042183,145.8,147
JPSMZ,e7662743-088c-3f3e-bb00-169789abf5cf,2024/12/08 1:00,11,33.71384333,131.7301883,147,147
JPSMZ,e7662743-088c-3f3e-bb00-169789abf5cf,2024/12/08 1:10,11.17,33.67937333,131.7526633,151.3,153
JPSMZ,e7662743-088c-3f3e-bb00-169789abf5cf,2024/12/08 1:20,11.33,33.64060667,131.7766317,153.3,154
JPSMZ,e7662743-088c-3f3e-bb00-169789abf5cf,2024/12/08 1:30,11.5,33.60601833,131.7982883,151.3,153
JPSMZ,e7662743-088c-3f3e-bb00-169789abf5cf,2024/12/08 1:40,11.67,33.56815333,131.82179,153.3,155
JPSMZ,e7662743-088c-3f3e-bb00-169789abf5cf,2024/12/08 1:50,11.83,33.53399833,131.8421633,153.1,155
JPSMZ,e7662743-088c-3f3e-bb00-169789abf5cf,2024/12/08 2:00,12,33.500525,131.8623967,153.2,155
JPSMZ,e7662743-088c-3f3e-bb00-169789abf5cf,2024/12/08 2:10,12.17,33.48098167,131.874335,152.7,155
JPSMZ,e7662743-088c-3f3e-bb00-169789abf5cf,2024/12/08 2:20,12.33,33.43094833,131.9118117,147.3,149
JPSMZ,e7662743-088c-3f3e-bb00-169789abf5cf,2024/12/08 2:30,12.5,33.39563,131.93657,149.7,154
JPSMZ,e7662743-088c-3f3e-bb00-169789abf5cf,2024/12/08 2:40,12.67,33.36327667,131.9586067,153.7,155
JPSMZ,e7662743-088c-3f3e-bb00-169789abf5cf,2024/12/08 2:50,12.83,33.34607833,131.9689383,153.2,151
JPSMZ,e7662743-088c-3f3e-bb00-169789abf5cf,2024/12/08 3:00,13,33.29997333,132.003575,145.5,143
JPSMZ,e7662743-088c-3f3e-bb00-169789abf5cf,2024/12/08 3:10,13.17,33.26904333,132.030785,141.4,142
JPSMZ,e7662743-088c-3f3e-bb00-169789abf5cf,2024/12/08 3:20,13.33,33.23731833,132.0593517,147.4,147
JPSMZ,e7662743-088c-3f3e-bb00-169789abf5cf,2024/12/08 3:30,13.5,33.22124167,132.0715317,149.4,148
JPSMZ,e7662743-088c-3f3e-bb00-169789abf5cf,2024/12/08 3:40,13.67,33.17059667,132.10933,148.3,147
JPSMZ,e7662743-088c-3f3e-bb00-169789abf5cf,2024/12/08 3:50,13.83,33.136945,132.13512,146.4,145
JPSMZ,e7662743-088c-3f3e-bb00-169789abf5cf,2024/12/08 4:00,14,33.10329167,132.1619967,146.4,145
JPSMZ,e7662743-088c-3f3e-bb00-169789abf5cf,2024/12/08 4:10,14.17,33.08175667,132.1798783,145.5,146
JPSMZ,e7662743-088c-3f3e-bb00-169789abf5cf,2024/12/08 4:20,14.33,33.03513833,132.2176117,146.4,144
JPSMZ,e7662743-088c-3f3e-bb00-169789abf5cf,2024/12/08 4:30,14.5,33.017,132.2332217,145.3,145
JPSMZ,e7662743-088c-3f3e-bb00-169789abf5cf,2024/12/08 4:40,14.67,32.98643167,132.2580333,146.4,149
JPSMZ,e7662743-088c-3f3e-bb00-169789abf5cf,2024/12/08 4:50,14.83,32.942085,132.2915483,147,147
JPSMZ,e7662743-088c-3f3e-bb00-169789abf5cf,2024/12/08 5:00,15,32.88847167,132.3324217,148,148
JPSMZ,e7662743-088c-3f3e-bb00-169789abf5cf,2024/12/08 5:10,15.17,32.8609625,132.3532658,149.35,149.5
JPSMZ,e7662743-088c-3f3e-bb00-169789abf5cf,2024/12/08 5:20,15.33,32.83345333,132.37411,150.7,151
JPSMZ,e7662743-088c-3f3e-bb00-169789abf5cf,2024/12/08 5:30,15.5,32.79701389,132.4014739,143.1333333,142.3333333
JPSMZ,e7662743-088c-3f3e-bb00-169789abf5cf,2024/12/08 5:40,15.67,32.76057444,132.4288378,135.5666667,133.6666667
JPSMZ,e7662743-088c-3f3e-bb00-169789abf5cf,2024/12/08 5:50,15.83,32.724135,132.4562017,128,125
JPSMZ,e7662743-088c-3f3e-bb00-169789abf5cf,2024/12/08 6:00,16,32.69226833,132.5175583,107.2,106
JPSMZ,e7662743-088c-3f3e-bb00-169789abf5cf,2024/12/08 6:10,16.17,32.6898675,132.5528567,99.2,97
JPSMZ,e7662743-088c-3f3e-bb00-169789abf5cf,2024/12/08 6:20,16.33,32.68746667,132.588155,91.2,88
JPSMZ,e7662743-088c-3f3e-bb00-169789abf5cf,2024/12/08 6:30,16.5,32.68636778,132.6360322,90.93333333,88
JPSMZ,e7662743-088c-3f3e-bb00-169789abf5cf,2024/12/08 6:40,16.67,32.68526889,132.6839094,90.66666667,88
JPSMZ,e7662743-088c-3f3e-bb00-169789abf5cf,2024/12/08 6:50,16.83,32.68417,132.7317867,90.4,88
JPSMZ,e7662743-088c-3f3e-bb00-169789abf5cf,2024/12/08 7:00,17,32.68462083,132.7775033,88.75,87.5